调教26岁人妻,/shipin/33027.html,https://www.mmxzxl1.com/common/wm/2019_02/23/wm_tugdpM36_wm.mp4,thunder://QUFodHRwczovL3d3dy5tbXh6eGwxLmNvbS9jb21tb24vd20vMjAxOV8wMi8yMy93bV90dWdkcE0zNl93bS5tcDRaWg==
天使天使,/shipin/33026.html,https://www.mmxzxl1.com/common/wm/2019_02/23/wm_x3Mvrcbe_wm.mp4,thunder://QUFodHRwczovL3d3dy5tbXh6eGwxLmNvbS9jb21tb24vd20vMjAxOV8wMi8yMy93bV94M012cmNiZV93bS5tcDRaWg==
连续3次中出,/shipin/32957.html,https://www.mmxzxl1.com/common/wm/2019_02/22/wm_EJwTqucu_wm.mp4,thunder://QUFodHRwczovL3d3dy5tbXh6eGwxLmNvbS9jb21tb24vd20vMjAxOV8wMi8yMi93bV9FSndUcXVjdV93bS5tcDRaWg==
清彼女,/shipin/32956.html,https://www.mmxzxl1.com/common/wm/2019_02/22/wm_paCGhVEg_wm.mp4,thunder://QUFodHRwczovL3d3dy5tbXh6eGwxLmNvbS9jb21tb24vd20vMjAxOV8wMi8yMi93bV9wYUNHaFZFZ193bS5tcDRaWg==
好色妻降R,/shipin/32817.html,https://www.mmxzxl1.com/common/wm/2019_02/21/wm_eHYHHbxL_wm.mp4,thunder://QUFodHRwczovL3d3dy5tbXh6eGwxLmNvbS9jb21tb24vd20vMjAxOV8wMi8yMS93bV9lSFlISGJ4TF93bS5tcDRaWg==
精致漂亮的女士,/shipin/32816.html,https://www.mmxzxl1.com/common/wm/2019_02/21/wm_eDcFENvH_wm.mp4,thunder://QUFodHRwczovL3d3dy5tbXh6eGwxLmNvbS9jb21tb24vd20vMjAxOV8wMi8yMS93bV9lRGNGRU52SF93bS5tcDRaWg==
粉丝鉴赏日,/shipin/32710.html,https://www.mmxzxl1.com/common/wm/2019_02/20/wm_xNuEdhJd_wm.mp4,thunder://QUFodHRwczovL3d3dy5tbXh6eGwxLmNvbS9jb21tb24vd20vMjAxOV8wMi8yMC93bV94TnVFZGhKZF93bS5tcDRaWg==
性爱房屋,/shipin/32709.html,https://www.mmxzxl1.com/common/wm/2019_02/20/wm_PrWQpxXq_wm.mp4,thunder://QUFodHRwczovL3d3dy5tbXh6eGwxLmNvbS9jb21tb24vd20vMjAxOV8wMi8yMC93bV9QcldRcHhYcV93bS5tcDRaWg==
模特系列女士,/shipin/32573.html,https://www.mmxzxl1.com/common/wm/2019_02/19/wm_dXwfBYAP_wm.mp4,thunder://QUFodHRwczovL3d3dy5tbXh6eGwxLmNvbS9jb21tb24vd20vMjAxOV8wMi8xOS93bV9kWHdmQllBUF93bS5tcDRaWg==
诚实约会,/shipin/32572.html,https://www.mmxzxl1.com/common/wm/2019_02/19/wm_aqHtkTRW_wm.mp4,thunder://QUFodHRwczovL3d3dy5tbXh6eGwxLmNvbS9jb21tb24vd20vMjAxOV8wMi8xOS93bV9hcUh0a1RSV193bS5tcDRaWg==
暨爱女儿暨,/shipin/32470.html,https://www.mmxzxl1.com/common/wm/2019_02/18/wm_npGnDuJV_wm.mp4,thunder://QUFodHRwczovL3d3dy5tbXh6eGwxLmNvbS9jb21tb24vd20vMjAxOV8wMi8xOC93bV9ucEduRHVKVl93bS5tcDRaWg==
走秀毒药,/shipin/32469.html,https://www.mmxzxl1.com/common/wm/2019_02/18/wm_rgUPUJpS_wm.mp4,thunder://QUFodHRwczovL3d3dy5tbXh6eGwxLmNvbS9jb21tb24vd20vMjAxOV8wMi8xOC93bV9yZ1VQVUpwU193bS5tcDRaWg==
亚洲猫,/shipin/32354.html,https://www.mmxzxl1.com/common/wm/2019_02/17/wm_gswNcPhe_wm.mp4,thunder://QUFodHRwczovL3d3dy5tbXh6eGwxLmNvbS9jb21tb24vd20vMjAxOV8wMi8xNy93bV9nc3dOY1BoZV93bS5tcDRaWg==
和霸气的性感女郎玩cosplay,/shipin/32353.html,https://www.mmxzxl1.com/common/wm/2019_02/17/wm_jtukavWQ_wm.mp4,thunder://QUFodHRwczovL3d3dy5tbXh6eGwxLmNvbS9jb21tb24vd20vMjAxOV8wMi8xNy93bV9qdHVrYXZXUV93bS5tcDRaWg==
超~彼女,/shipin/32254.html,https://www.mmxzxl1.com/common/wm/2019_02/16/wm_nmJMsLEM_wm.mp4,thunder://QUFodHRwczovL3d3dy5tbXh6eGwxLmNvbS9jb21tb24vd20vMjAxOV8wMi8xNi93bV9ubUpNc0xFTV93bS5tcDRaWg==
泡泡公主故事,/shipin/32253.html,https://www.mmxzxl1.com/common/wm/2019_02/16/wm_fnDPUxqk_wm.mp4,thunder://QUFodHRwczovL3d3dy5tbXh6eGwxLmNvbS9jb21tb24vd20vMjAxOV8wMi8xNi93bV9mbkRQVXhxa193bS5tcDRaWg==
毒药我无法拒绝,/shipin/32132.html,https://www.mmxzxl1.com/common/wm/2019_02/15/wm_XqwQwmbJ_wm.mp4,thunder://QUFodHRwczovL3d3dy5tbXh6eGwxLmNvbS9jb21tb24vd20vMjAxOV8wMi8xNS93bV9YcXdRd21iSl93bS5tcDRaWg==
美腿的诱惑！中出赛车女王,/shipin/32131.html,https://www.mmxzxl1.com/common/wm/2019_02/15/wm_BcVgaBra_wm.mp4,thunder://QUFodHRwczovL3d3dy5tbXh6eGwxLmNvbS9jb21tb24vd20vMjAxOV8wMi8xNS93bV9CY1ZnYUJyYV93bS5tcDRaWg==
前同学女优,/shipin/32024.html,https://www.mmxzxl1.com/common/wm/2019_02/14/wm_aXcvjgNg_wm.mp4,thunder://QUFodHRwczovL3d3dy5tbXh6eGwxLmNvbS9jb21tb24vd20vMjAxOV8wMi8xNC93bV9hWGN2amdOZ193bS5tcDRaWg==
饥渴的义母需要肉棒,/shipin/32023.html,https://www.mmxzxl1.com/common/wm/2019_02/14/wm_SCKadRFe_wm.mp4,thunder://QUFodHRwczovL3d3dy5tbXh6eGwxLmNvbS9jb21tb24vd20vMjAxOV8wMi8xNC93bV9TQ0thZFJGZV93bS5tcDRaWg==
美巨乳新鲜中出,/shipin/31896.html,https://www.mmxzxl1.com/common/wm/2019_02/13/wm_dcpNrxuX_wm.mp4,thunder://QUFodHRwczovL3d3dy5tbXh6eGwxLmNvbS9jb21tb24vd20vMjAxOV8wMi8xMy93bV9kY3BOcnh1WF93bS5tcDRaWg==
爆乳淫乱,/shipin/31895.html,https://www.mmxzxl1.com/common/wm/2019_02/13/wm_QNHStsMH_wm.mp4,thunder://QUFodHRwczovL3d3dy5tbXh6eGwxLmNvbS9jb21tb24vd20vMjAxOV8wMi8xMy93bV9RTkhTdHNNSF93bS5tcDRaWg==
流行的女演员,/shipin/31789.html,https://www.mmxzxl1.com/common/wm/2019_02/12/wm_DAUqwVXm_wm.mp4,thunder://QUFodHRwczovL3d3dy5tbXh6eGwxLmNvbS9jb21tb24vd20vMjAxOV8wMi8xMi93bV9EQVVxd1ZYbV93bS5tcDRaWg==
暴力色情戏剧制服女孩,/shipin/31788.html,https://www.mmxzxl1.com/common/wm/2019_02/12/wm_baNmwjEv_wm.mp4,thunder://QUFodHRwczovL3d3dy5tbXh6eGwxLmNvbS9jb21tb24vd20vMjAxOV8wMi8xMi93bV9iYU5td2pFdl93bS5tcDRaWg==
人妻成熟的身体,/shipin/31625.html,https://www.mmxzxl1.com/common/wm/2019_02/11/wm_mGxQGtFx_wm.mp4,thunder://QUFodHRwczovL3d3dy5tbXh6eGwxLmNvbS9jb21tb24vd20vMjAxOV8wMi8xMS93bV9tR3hRR3RGeF93bS5tcDRaWg==
完美的主观形象,/shipin/31624.html,https://www.mmxzxl1.com/common/wm/2019_02/11/wm_grbXXvas_wm.mp4,thunder://QUFodHRwczovL3d3dy5tbXh6eGwxLmNvbS9jb21tb24vd20vMjAxOV8wMi8xMS93bV9ncmJYWHZhc193bS5tcDRaWg==
艰难的现实,/shipin/31527.html,https://www.mmxzxl1.com/common/wm/2019_02/10/wm_VUUQrmkh_wm.mp4,thunder://QUFodHRwczovL3d3dy5tbXh6eGwxLmNvbS9jb21tb24vd20vMjAxOV8wMi8xMC93bV9WVVVRcm1raF93bS5tcDRaWg==
痴女醒,/shipin/31526.html,https://www.mmxzxl1.com/common/wm/2019_02/10/wm_QqUxfcMH_wm.mp4,thunder://QUFodHRwczovL3d3dy5tbXh6eGwxLmNvbS9jb21tb24vd20vMjAxOV8wMi8xMC93bV9RcVV4ZmNNSF93bS5tcDRaWg==
回忆,/shipin/31410.html,https://www.mmxzxl1.com/common/wm/2019_02/09/wm_HrPBJQxe_wm.mp4,thunder://QUFodHRwczovL3d3dy5tbXh6eGwxLmNvbS9jb21tb24vd20vMjAxOV8wMi8wOS93bV9IclBCSlF4ZV93bS5tcDRaWg==
开始戏弄,/shipin/31409.html,https://www.mmxzxl1.com/common/wm/2019_02/09/wm_nPqvQWtD_wm.mp4,thunder://QUFodHRwczovL3d3dy5tbXh6eGwxLmNvbS9jb21tb24vd20vMjAxOV8wMi8wOS93bV9uUHF2UVd0RF93bS5tcDRaWg==
连续射击安娜,/shipin/31305.html,https://www.mmxzxl1.com/common/wm/2019_02/08/wm_edwFdrkV_wm.mp4,thunder://QUFodHRwczovL3d3dy5tbXh6eGwxLmNvbS9jb21tb24vd20vMjAxOV8wMi8wOC93bV9lZHdGZHJrVl93bS5tcDRaWg==
派对,/shipin/31304.html,https://www.mmxzxl1.com/common/wm/2019_02/08/wm_BgceVbdp_wm.mp4,thunder://QUFodHRwczovL3d3dy5tbXh6eGwxLmNvbS9jb21tb24vd20vMjAxOV8wMi8wOC93bV9CZ2NlVmJkcF93bS5tcDRaWg==
肉宴,/shipin/31211.html,https://www.mmxzxl1.com/common/wm/2019_02/07/wm_gsnsngVU_wm.mp4,thunder://QUFodHRwczovL3d3dy5tbXh6eGwxLmNvbS9jb21tb24vd20vMjAxOV8wMi8wNy93bV9nc25zbmdWVV93bS5tcDRaWg==
眼影,/shipin/31210.html,https://www.mmxzxl1.com/common/wm/2019_02/07/wm_RTehewCN_wm.mp4,thunder://QUFodHRwczovL3d3dy5tbXh6eGwxLmNvbS9jb21tb24vd20vMjAxOV8wMi8wNy93bV9SVGVoZXdDTl93bS5tcDRaWg==
请注意我的裤裆,/shipin/31116.html,https://www.mmxzxl1.com/common/wm/2019_02/06/wm_ujApQCGd_wm.mp4,thunder://QUFodHRwczovL3d3dy5tbXh6eGwxLmNvbS9jb21tb24vd20vMjAxOV8wMi8wNi93bV91akFwUUNHZF93bS5tcDRaWg==
极射 ~二穴乱交,/shipin/31115.html,https://www.mmxzxl1.com/common/wm/2019_02/06/wm_PhDHwUKA_wm.mp4,thunder://QUFodHRwczovL3d3dy5tbXh6eGwxLmNvbS9jb21tb24vd20vMjAxOV8wMi8wNi93bV9QaERId1VLQV93bS5tcDRaWg==
劣质G杯,/shipin/30997.html,https://www.mmxzxl1.com/common/wm/2019_02/05/wm_SThSYupL_wm.mp4,thunder://QUFodHRwczovL3d3dy5tbXh6eGwxLmNvbS9jb21tb24vd20vMjAxOV8wMi8wNS93bV9TVGhTWXVwTF93bS5tcDRaWg==
青梅竹马跟我做爱回忆过去,/shipin/30996.html,https://www.mmxzxl1.com/common/wm/2019_02/05/wm_rfnfUnRQ_wm.mp4,thunder://QUFodHRwczovL3d3dy5tbXh6eGwxLmNvbS9jb21tb24vd20vMjAxOV8wMi8wNS93bV9yZm5mVW5SUV93bS5tcDRaWg==
第一次遇见,/shipin/30899.html,https://www.mmxzxl1.com/common/wm/2019_02/04/wm_gxTsUCLW_wm.mp4,thunder://QUFodHRwczovL3d3dy5tbXh6eGwxLmNvbS9jb21tb24vd20vMjAxOV8wMi8wNC93bV9neFRzVUNMV193bS5tcDRaWg==
情色游戏,/shipin/30898.html,https://www.mmxzxl1.com/common/wm/2019_02/04/wm_nSHgjGjH_wm.mp4,thunder://QUFodHRwczovL3d3dy5tbXh6eGwxLmNvbS9jb21tb24vd20vMjAxOV8wMi8wNC93bV9uU0hnakdqSF93bS5tcDRaWg==
绝对服从 - 小田切亚里沙,/shipin/30764.html,https://www.mmxzxl1.com/common/wm/2019_02/03/wm_uBYwbWCN_wm.mp4,thunder://QUFodHRwczovL3d3dy5tbXh6eGwxLmNvbS9jb21tb24vd20vMjAxOV8wMi8wMy93bV91Qll3YldDTl93bS5tcDRaWg==
木野色色的,/shipin/30763.html,https://www.mmxzxl1.com/common/wm/2019_02/03/wm_SJxwUDkV_wm.mp4,thunder://QUFodHRwczovL3d3dy5tbXh6eGwxLmNvbS9jb21tb24vd20vMjAxOV8wMi8wMy93bV9TSnh3VURrVl93bS5tcDRaWg==
伸展台上的毒药,/shipin/30656.html,https://www.mmxzxl1.com/common/wm/2019_02/02/wm_EfGxgMFT_wm.mp4,thunder://QUFodHRwczovL3d3dy5tbXh6eGwxLmNvbS9jb21tb24vd20vMjAxOV8wMi8wMi93bV9FZkd4Z01GVF93bS5tcDRaWg==
粉红色和桃色的嘴唇,/shipin/30655.html,https://www.mmxzxl1.com/common/wm/2019_02/02/wm_VuADrYPV_wm.mp4,thunder://QUFodHRwczovL3d3dy5tbXh6eGwxLmNvbS9jb21tb24vd20vMjAxOV8wMi8wMi93bV9WdUFEcllQVl93bS5tcDRaWg==
北山,/shipin/30175.html,https://www.mmxzxl1.com/common/wm/2019_02/01/wm_FYWcvYuY_wm.mp4,thunder://QUFodHRwczovL3d3dy5tbXh6eGwxLmNvbS9jb21tb24vd20vMjAxOV8wMi8wMS93bV9GWVdjdll1WV93bS5tcDRaWg==
善良的玩偶,/shipin/30174.html,https://www.mmxzxl1.com/common/wm/2019_02/01/wm_ktWSSntR_wm.mp4,thunder://QUFodHRwczovL3d3dy5tbXh6eGwxLmNvbS9jb21tb24vd20vMjAxOV8wMi8wMS93bV9rdFdTU250Ul93bS5tcDRaWg==
美痴女～淫靡的课外教学,/shipin/29974.html,https://www.mmxzxl1.com/common/wm/2019_01/31/wm_HDKgGAja_wm.mp4,thunder://QUFodHRwczovL3d3dy5tbXh6eGwxLmNvbS9jb21tb24vd20vMjAxOV8wMS8zMS93bV9IREtnR0FqYV93bS5tcDRaWg==
情人节特别快乐,/shipin/29973.html,https://www.mmxzxl1.com/common/wm/2019_01/31/wm_RjLdHmmU_wm.mp4,thunder://QUFodHRwczovL3d3dy5tbXh6eGwxLmNvbS9jb21tb24vd20vMjAxOV8wMS8zMS93bV9SakxkSG1tVV93bS5tcDRaWg==
失去记忆的业余女孩,/shipin/29862.html,https://www.mmxzxl1.com/common/wm/2019_01/30/wm_QBFXacvC_wm.mp4,thunder://QUFodHRwczovL3d3dy5tbXh6eGwxLmNvbS9jb21tb24vd20vMjAxOV8wMS8zMC93bV9RQkZYYWN2Q193bS5tcDRaWg==
自慰俱乐部小姐的特e服务,/shipin/29861.html,https://www.mmxzxl1.com/common/wm/2019_01/30/wm_vsJAkgnX_wm.mp4,thunder://QUFodHRwczovL3d3dy5tbXh6eGwxLmNvbS9jb21tb24vd20vMjAxOV8wMS8zMC93bV92c0pBa2duWF93bS5tcDRaWg==
学校泳装，身材超棒,/shipin/29756.html,https://www.mmxzxl1.com/common/wm/2019_01/29/wm_RvCmCYkS_wm.mp4,thunder://QUFodHRwczovL3d3dy5tbXh6eGwxLmNvbS9jb21tb24vd20vMjAxOV8wMS8yOS93bV9SdkNtQ1lrU193bS5tcDRaWg==
同时插入两穴 cosplay壬,/shipin/29755.html,https://www.mmxzxl1.com/common/wm/2019_01/29/wm_nUhvjBdX_wm.mp4,thunder://QUFodHRwczovL3d3dy5tbXh6eGwxLmNvbS9jb21tb24vd20vMjAxOV8wMS8yOS93bV9uVWh2akJkWF93bS5tcDRaWg==
伤心旅行中的激情,/shipin/29671.html,https://www.mmxzxl1.com/common/wm/2019_01/28/wm_BwAmuYvF_wm.mp4,thunder://QUFodHRwczovL3d3dy5tbXh6eGwxLmNvbS9jb21tb24vd20vMjAxOV8wMS8yOC93bV9Cd0FtdVl2Rl93bS5tcDRaWg==
年轻的童年,/shipin/29670.html,https://www.mmxzxl1.com/common/wm/2019_01/28/wm_fcBuLKrm_wm.mp4,thunder://QUFodHRwczovL3d3dy5tbXh6eGwxLmNvbS9jb21tb24vd20vMjAxOV8wMS8yOC93bV9mY0J1TEtybV93bS5tcDRaWg==
这妹实在太美,/shipin/29537.html,https://www.mmxzxl1.com/common/wm/2019_01/27/wm_gxYAkPjF_wm.mp4,thunder://QUFodHRwczovL3d3dy5tbXh6eGwxLmNvbS9jb21tb24vd20vMjAxOV8wMS8yNy93bV9neFlBa1BqRl93bS5tcDRaWg==
十分感谢 21 发情诱惑无休止性爱,/shipin/29536.html,https://www.mmxzxl1.com/common/wm/2019_01/27/wm_jTxDLUcY_wm.mp4,thunder://QUFodHRwczovL3d3dy5tbXh6eGwxLmNvbS9jb21tb24vd20vMjAxOV8wMS8yNy93bV9qVHhETFVjWV93bS5tcDRaWg==
蜘蛛女郎速美小姐,/shipin/29420.html,https://www.mmxzxl1.com/common/wm/2019_01/26/wm_BwrgPNuc_wm.mp4,thunder://QUFodHRwczovL3d3dy5tbXh6eGwxLmNvbS9jb21tb24vd20vMjAxOV8wMS8yNi93bV9Cd3JnUE51Y193bS5tcDRaWg==
超级女优：成宫琉璃,/shipin/29419.html,https://www.mmxzxl1.com/common/wm/2019_01/26/wm_NGTsmQfc_wm.mp4,thunder://QUFodHRwczovL3d3dy5tbXh6eGwxLmNvbS9jb21tb24vd20vMjAxOV8wMS8yNi93bV9OR1RzbVFmY193bS5tcDRaWg==
年轻的日本美女,/shipin/29336.html,https://www.mmxzxl1.com/common/wm/2019_01/25/wm_RAqDAuPV_wm.mp4,thunder://QUFodHRwczovL3d3dy5tbXh6eGwxLmNvbS9jb21tb24vd20vMjAxOV8wMS8yNS93bV9SQXFEQXVQVl93bS5tcDRaWg==
角质亚洲邀请函,/shipin/29335.html,https://www.mmxzxl1.com/common/wm/2019_01/25/wm_hDvFLSfj_wm.mp4,thunder://QUFodHRwczovL3d3dy5tbXh6eGwxLmNvbS9jb21tb24vd20vMjAxOV8wMS8yNS93bV9oRHZGTFNmal93bS5tcDRaWg==
