碜栽地^的可鄣穆T,/xiazai/32962.html,https://mmxzqxl1.com/common/all/201901/tcqUgwWk/tcqUgwWk.rmvb,thunder://QUFodHRwczovL21teHpxeGwxLmNvbS9jb21tb24vYWxsLzIwMTkwMS90Y3FVZ3dXay90Y3FVZ3dXay5ybXZiWlo=
夫出差妻子带年轻帅哥回家3天反复做爱,/xiazai/32877.html,https://mmxzqxl1.com/common/all/201901/47MC3dgA/47MC3dgA.rmvb,thunder://QUFodHRwczovL21teHpxeGwxLmNvbS9jb21tb24vYWxsLzIwMTkwMS80N01DM2RnQS80N01DM2RnQS5ybXZiWlo=
和理性w走大姐姐值街谐,/xiazai/32749.html,https://mmxzqxl1.com/common/all/201901/FDLFmrmt/FDLFmrmt.rmvb,thunder://QUFodHRwczovL21teHpxeGwxLmNvbS9jb21tb24vYWxsLzIwMTkwMS9GRExGbXJtdC9GRExGbXJtdC5ybXZiWlo=
尚∪怏wK於人射M去啦,/xiazai/32611.html,https://mmxzqxl1.com/common/all/201901/Y4Sx4s7D/Y4Sx4s7D.rmvb,thunder://QUFodHRwczovL21teHpxeGwxLmNvbS9jb21tb24vYWxsLzIwMTkwMS9ZNFN4NHM3RC9ZNFN4NHM3RC5ybXZiWlo=
P於我能蛴梦业呐枷裎g刻的},/xiazai/32610.html,https://mmxzqxl1.com/common/all/201901/Hdqv6VVy/Hdqv6VVy.rmvb,thunder://QUFodHRwczovL21teHpxeGwxLmNvbS9jb21tb24vYWxsLzIwMTkwMS9IZHF2NlZWeS9IZHF2NlZWeS5ybXZiWlo=
橐正在被逮捕和性交的男人高d地狂,/xiazai/32509.html,https://mmxzqxl1.com/common/all/201901/7gsd45N4/7gsd45N4.rmvb,thunder://QUFodHRwczovL21teHpxeGwxLmNvbS9jb21tb24vYWxsLzIwMTkwMS83Z3NkNDVONC83Z3NkNDVONC5ybXZiWlo=
常性器Y合的男性美w沙,/xiazai/32508.html,https://mmxzqxl1.com/common/all/201901/eaQFy2Wc/eaQFy2Wc.rmvb,thunder://QUFodHRwczovL21teHpxeGwxLmNvbS9jb21tb24vYWxsLzIwMTkwMS9lYVFGeTJXYy9lYVFGeTJXYy5ybXZiWlo=
巨乳女大W生喝酒之後吸男人的肉棒,/xiazai/32390.html,https://mmxzqxl1.com/common/all/201901/e2DfpCYW/e2DfpCYW.rmvb,thunder://QUFodHRwczovL21teHpxeGwxLmNvbS9jb21tb24vYWxsLzIwMTkwMS9lMkRmcENZVy9lMkRmcENZVy5ybXZiWlo=
知道快伏c的大,/xiazai/32289.html,https://mmxzqxl1.com/common/all/201901/48aXKMbg/48aXKMbg.rmvb,thunder://QUFodHRwczovL21teHpxeGwxLmNvbS9jb21tb24vYWxsLzIwMTkwMS80OGFYS01iZy80OGFYS01iZy5ybXZiWlo=
恋人坂井羽,/xiazai/32174.html,https://mmxzqxl1.com/common/all/201901/t5b6LgMg/t5b6LgMg.rmvb,thunder://QUFodHRwczovL21teHpxeGwxLmNvbS9jb21tb24vYWxsLzIwMTkwMS90NWI2TGdNZy90NWI2TGdNZy5ybXZiWlo=
理想的姐姐,/xiazai/32067.html,https://mmxzqxl1.com/common/all/201901/knbF2B4E/knbF2B4E.rmvb,thunder://QUFodHRwczovL21teHpxeGwxLmNvbS9jb21tb24vYWxsLzIwMTkwMS9rbmJGMkI0RS9rbmJGMkI0RS5ybXZiWlo=
SM的大姐,/xiazai/31942.html,https://mmxzqxl1.com/common/all/201901/TN5jbeWb/TN5jbeWb.rmvb,thunder://QUFodHRwczovL21teHpxeGwxLmNvbS9jb21tb24vYWxsLzIwMTkwMS9UTjVqYmVXYi9UTjVqYmVXYi5ybXZiWlo=
c商章眯心康牡氐耐事保密的保密事物,/xiazai/31828.html,https://mmxzqxl1.com/common/all/201901/WyADBGDp/WyADBGDp.rmvb,thunder://QUFodHRwczovL21teHpxeGwxLmNvbS9jb21tb24vYWxsLzIwMTkwMS9XeUFEQkdEcC9XeUFEQkdEcC5ybXZiWlo=
大山雀身w1天H次,/xiazai/31689.html,https://mmxzqxl1.com/common/all/201812/UNCdPwC/UNCdPwC.rmvb,thunder://QUFodHRwczovL21teHpxeGwxLmNvbS9jb21tb24vYWxsLzIwMTgxMi9VTkNkUHdDL1VOQ2RQd0Mucm12Ylpa
男O禁後m逆中出拷,/xiazai/31560.html,https://mmxzqxl1.com/common/all/201812/mYSEgwL/mYSEgwL.rmvb,thunder://QUFodHRwczovL21teHpxeGwxLmNvbS9jb21tb24vYWxsLzIwMTgxMi9tWVNFZ3dML21ZU0Vnd0wucm12Ylpa
一ΨDе一ΨDTMM,/xiazai/31445.html,https://mmxzqxl1.com/common/all/201812/pGfQcPw/pGfQcPw.rmvb,thunder://QUFodHRwczovL21teHpxeGwxLmNvbS9jb21tb24vYWxsLzIwMTgxMi9wR2ZRY1B3L3BHZlFjUHcucm12Ylpa
你的早晨_始匆忙,/xiazai/31345.html,https://mmxzqxl1.com/common/all/201812/YtVxkGV/YtVxkGV.rmvb,thunder://QUFodHRwczovL21teHpxeGwxLmNvbS9jb21tb24vYWxsLzIwMTgxMi9ZdFZ4a0dWL1l0VnhrR1Yucm12Ylpa
T惑你,/xiazai/31214.html,https://mmxzqxl1.com/common/all/201812/RnqncqN/RnqncqN.rmvb,thunder://QUFodHRwczovL21teHpxeGwxLmNvbS9jb21tb24vYWxsLzIwMTgxMi9SbnFuY3FOL1JucW5jcU4ucm12Ylpa
首次亮相七L年o念租U,/xiazai/31144.html,https://mmxzqxl1.com/common/all/201812/EwRkkvV/EwRkkvV.rmvb,thunder://QUFodHRwczovL21teHpxeGwxLmNvbS9jb21tb24vYWxsLzIwMTgxMi9Fd1Jra3ZWL0V3UmtrdlYucm12Ylpa
自登鲆碜擂危最大的第一v,/xiazai/31036.html,https://mmxzqxl1.com/common/all/201812/eeAfJNp/eeAfJNp.rmvb,thunder://QUFodHRwczovL21teHpxeGwxLmNvbS9jb21tb24vYWxsLzIwMTgxMi9lZUFmSk5wL2VlQWZKTnAucm12Ylpa
暨中出肛T,/xiazai/30932.html,https://mmxzqxl1.com/common/all/201812/BCxDhGm/BCxDhGm.rmvb,thunder://QUFodHRwczovL21teHpxeGwxLmNvbS9jb21tb24vYWxsLzIwMTgxMi9CQ3hEaEdtL0JDeERoR20ucm12Ylpa
凼且赤裸裸的擦身w,/xiazai/30802.html,https://mmxzqxl1.com/common/all/201812/PrBkAJV/PrBkAJV.rmvb,thunder://QUFodHRwczovL21teHpxeGwxLmNvbS9jb21tb24vYWxsLzIwMTgxMi9QckJrQUpWL1ByQmtBSlYucm12Ylpa
大乳房L杯120厘米,/xiazai/30695.html,https://mmxzqxl1.com/common/all/201812/qeagsak/qeagsak.rmvb,thunder://QUFodHRwczovL21teHpxeGwxLmNvbS9jb21tb24vYWxsLzIwMTgxMi9xZWFnc2FrL3FlYWdzYWsucm12Ylpa
乐匾坚,/xiazai/30580.html,https://mmxzqxl1.com/common/all/201812/wbEEuAC/wbEEuAC.rmvb,thunder://QUFodHRwczovL21teHpxeGwxLmNvbS9jb21tb24vYWxsLzIwMTgxMi93YkVFdUFDL3diRUV1QUMucm12Ylpa
我知道她|京DW的真正原因,/xiazai/30108.html,https://mmxzqxl1.com/common/all/201812/eJDjJRm/eJDjJRm.rmvb,thunder://QUFodHRwczovL21teHpxeGwxLmNvbS9jb21tb24vYWxsLzIwMTgxMi9lSkRqSlJtL2VKRGpKUm0ucm12Ylpa
场感十足的巨乳美女肉搏战,/xiazai/29892.html,https://mmxzqxl1.com/common/all/201812/NhsWEhW/NhsWEhW.rmvb,thunder://QUFodHRwczovL21teHpxeGwxLmNvbS9jb21tb24vYWxsLzIwMTgxMi9OaHNXRWhXL05oc1dFaFcucm12Ylpa
小魔┳游氯旅行,/xiazai/29795.html,https://mmxzqxl1.com/common/all/201812/tvUDNSQ/tvUDNSQ.rmvb,thunder://QUFodHRwczovL21teHpxeGwxLmNvbS9jb21tb24vYWxsLzIwMTgxMi90dlVETlNRL3R2VUROU1Eucm12Ylpa
出现超美熟女北条麻妃露肢体,/xiazai/29676.html,https://mmxzqxl1.com/common/all/201812/LGeVNvc/LGeVNvc.rmvb,thunder://QUFodHRwczovL21teHpxeGwxLmNvbS9jb21tb24vYWxsLzIwMTgxMi9MR2VWTnZjL0xHZVZOdmMucm12Ylpa
粹中出解除禁令初次快感高潮性,/xiazai/29568.html,https://mmxzqxl1.com/common/all/201812/fWkSMUc/fWkSMUc.rmvb,thunder://QUFodHRwczovL21teHpxeGwxLmNvbS9jb21tb24vYWxsLzIwMTgxMi9mV2tTTVVjL2ZXa1NNVWMucm12Ylpa
大爵士歌手,/xiazai/29457.html,https://mmxzqxl1.com/common/all/201812/rETTsjY/rETTsjY.rmvb,thunder://QUFodHRwczovL21teHpxeGwxLmNvbS9jb21tb24vYWxsLzIwMTgxMi9yRVRUc2pZL3JFVFRzalkucm12Ylpa
一ID女,/xiazai/29353.html,https://mmxzqxl1.com/common/all/201812/Jwjsxxk/Jwjsxxk.rmvb,thunder://QUFodHRwczovL21teHpxeGwxLmNvbS9jb21tb24vYWxsLzIwMTgxMi9Kd2pzeHhrL0p3anN4eGsucm12Ylpa
姐姐成L良好,/xiazai/29233.html,https://mmxzqxl1.com/common/all/201812/RChvMjw/RChvMjw.rmvb,thunder://QUFodHRwczovL21teHpxeGwxLmNvbS9jb21tb24vYWxsLzIwMTgxMi9SQ2h2TWp3L1JDaHZNancucm12Ylpa
H吻性交以粗的方式mp她的丈夫,/xiazai/29138.html,https://mmxzqxl1.com/common/all/201812/DRJATBQ/DRJATBQ.rmvb,thunder://QUFodHRwczovL21teHpxeGwxLmNvbS9jb21tb24vYWxsLzIwMTgxMi9EUkpBVEJRL0RSSkFUQlEucm12Ylpa
莎去了公司送她丈夫G失的物品,/xiazai/29027.html,https://mmxzqxl1.com/common/all/201812/nNnKGbn/nNnKGbn.rmvb,thunder://QUFodHRwczovL21teHpxeGwxLmNvbS9jb21tb24vYWxsLzIwMTgxMi9uTm5LR2JuL25ObktHYm4ucm12Ylpa
道射精射,/xiazai/28927.html,https://mmxzqxl1.com/common/all/201812/ERuPnXJ/ERuPnXJ.rmvb,thunder://QUFodHRwczovL21teHpxeGwxLmNvbS9jb21tb24vYWxsLzIwMTgxMi9FUnVQblhKL0VSdVBuWEoucm12Ylpa
共同生活在一起,/xiazai/28813.html,https://mmxzqxl1.com/common/all/201812/LSSMRRW/LSSMRRW.rmvb,thunder://QUFodHRwczovL21teHpxeGwxLmNvbS9jb21tb24vYWxsLzIwMTgxMi9MU1NNUlJXL0xTU01SUlcucm12Ylpa
oo握住她的手,/xiazai/28703.html,https://mmxzqxl1.com/common/all/201812/HvXMVpn/HvXMVpn.rmvb,thunder://QUFodHRwczovL21teHpxeGwxLmNvbS9jb21tb24vYWxsLzIwMTgxMi9IdlhNVnBuL0h2WE1WcG4ucm12Ylpa
（AV女演T）20q,/xiazai/28583.html,https://mmxzqxl1.com/common/all/201812/WcBgEpQ/WcBgEpQ.rmvb,thunder://QUFodHRwczovL21teHpxeGwxLmNvbS9jb21tb24vYWxsLzIwMTgxMi9XY0JnRXBRL1djQmdFcFEucm12Ylpa
看到了妹妹的爆乳,/xiazai/28459.html,https://mmxzqxl1.com/common/all/201812/tXGuMUC/tXGuMUC.rmvb,thunder://QUFodHRwczovL21teHpxeGwxLmNvbS9jb21tb24vYWxsLzIwMTgxMi90WEd1TVVDL3RYR3VNVUMucm12Ylpa
肉w侍奉,/xiazai/28337.html,https://mmxzqxl1.com/common/all/201812/tMuTQQC/tMuTQQC.rmvb,thunder://QUFodHRwczovL21teHpxeGwxLmNvbS9jb21tb24vYWxsLzIwMTgxMi90TXVUUVFDL3RNdVRRUUMucm12Ylpa
一年p的妻子,/xiazai/28239.html,https://mmxzqxl1.com/common/all/201812/kBJVJWr/kBJVJWr.rmvb,thunder://QUFodHRwczovL21teHpxeGwxLmNvbS9jb21tb24vYWxsLzIwMTgxMi9rQkpWSldyL2tCSlZKV3Iucm12Ylpa
我今晚做很多I服,/xiazai/28109.html,https://mmxzqxl1.com/common/all/201812/BjwdhhP/BjwdhhP.rmvb,thunder://QUFodHRwczovL21teHpxeGwxLmNvbS9jb21tb24vYWxsLzIwMTgxMi9CandkaGhQL0Jqd2RoaFAucm12Ylpa
究OIL俗店,/xiazai/27996.html,https://mmxzqxl1.com/common/all/201812/MBsVQxK/MBsVQxK.rmvb,thunder://QUFodHRwczovL21teHpxeGwxLmNvbS9jb21tb24vYWxsLzIwMTgxMi9NQnNWUXhLL01Cc1ZReEsucm12Ylpa
大山雀和姐姐敉庠,/xiazai/27782.html,https://mmxzqxl1.com/common/all/201812/uMtaGur/uMtaGur.rmvb,thunder://QUFodHRwczovL21teHpxeGwxLmNvbS9jb21tb24vYWxsLzIwMTgxMi91TXRhR3VyL3VNdGFHdXIucm12Ylpa
不要陷入一^Φ募彝,/xiazai/27654.html,https://mmxzqxl1.com/common/all/201812/vaDFpJm/vaDFpJm.rmvb,thunder://QUFodHRwczovL21teHpxeGwxLmNvbS9jb21tb24vYWxsLzIwMTgxMi92YURGcEptL3ZhREZwSm0ucm12Ylpa
魔女究O巨尻美乳,/xiazai/27554.html,https://mmxzqxl1.com/common/all/201812/cUTXMAb/cUTXMAb.rmvb,thunder://QUFodHRwczovL21teHpxeGwxLmNvbS9jb21tb24vYWxsLzIwMTgxMi9jVVRYTUFiL2NVVFhNQWIucm12Ylpa
最好的朋友碜赃@家,/xiazai/27443.html,https://mmxzqxl1.com/common/all/201812/WpFrfhE/WpFrfhE.rmvb,thunder://QUFodHRwczovL21teHpxeGwxLmNvbS9jb21tb24vYWxsLzIwMTgxMi9XcEZyZmhFL1dwRnJmaEUucm12Ylpa
S富的高潮,/xiazai/27318.html,https://mmxzqxl1.com/common/all/201812/EXMmFSp/EXMmFSp.rmvb,thunder://QUFodHRwczovL21teHpxeGwxLmNvbS9jb21tb24vYWxsLzIwMTgxMi9FWE1tRlNwL0VYTW1GU3Aucm12Ylpa
一小魔鬼女人偷偷地T惑我,/xiazai/27196.html,https://mmxzqxl1.com/common/all/201812/YSRANAp/YSRANAp.rmvb,thunder://QUFodHRwczovL21teHpxeGwxLmNvbS9jb21tb24vYWxsLzIwMTgxMi9ZU1JBTkFwL1lTUkFOQXAucm12Ylpa
求不撼市女店员们享用大肉棒,/xiazai/27080.html,https://mmxzqxl1.com/common/all/201812/mUdkTkV/mUdkTkV.rmvb,thunder://QUFodHRwczovL21teHpxeGwxLmNvbS9jb21tb24vYWxsLzIwMTgxMi9tVWRrVGtWL21VZGtUa1Yucm12Ylpa
M一步刺入子m後部,/xiazai/27079.html,https://mmxzqxl1.com/common/all/201812/kLpJNbc/kLpJNbc.rmvb,thunder://QUFodHRwczovL21teHpxeGwxLmNvbS9jb21tb24vYWxsLzIwMTgxMi9rTHBKTmJjL2tMcEpOYmMucm12Ylpa
人生第一次暨射羝蚯乐伢@厥,/xiazai/26944.html,https://mmxzqxl1.com/common/all/201812/wFhQeYS/wFhQeYS.rmvb,thunder://QUFodHRwczovL21teHpxeGwxLmNvbS9jb21tb24vYWxsLzIwMTgxMi93RmhRZVlTL3dGaFFlWVMucm12Ylpa
D邀乳^B,/xiazai/26943.html,https://mmxzqxl1.com/common/all/201812/nXWLbDN/nXWLbDN.rmvb,thunder://QUFodHRwczovL21teHpxeGwxLmNvbS9jb21tb24vYWxsLzIwMTgxMi9uWFdMYkROL25YV0xiRE4ucm12Ylpa
此刻看到SM的衣服,/xiazai/26942.html,https://mmxzqxl1.com/common/all/201812/PfhvBcj/PfhvBcj.rmvb,thunder://QUFodHRwczovL21teHpxeGwxLmNvbS9jb21tb24vYWxsLzIwMTgxMi9QZmh2QmNqL1BmaHZCY2oucm12Ylpa
人妻温泉,/xiazai/26842.html,https://mmxzqxl1.com/common/all/201812/QJSwPFd/QJSwPFd.rmvb,thunder://QUFodHRwczovL21teHpxeGwxLmNvbS9jb21tb24vYWxsLzIwMTgxMi9RSlN3UEZkL1FKU3dQRmQucm12Ylpa
童的射精爆速TR位射,/xiazai/26724.html,https://mmxzqxl1.com/common/all/201812/RYBeLnT/RYBeLnT.rmvb,thunder://QUFodHRwczovL21teHpxeGwxLmNvbS9jb21tb24vYWxsLzIwMTgxMi9SWUJlTG5UL1JZQmVMblQucm12Ylpa
我的妹妹才不在泡泡浴工作,/xiazai/26620.html,https://mmxzqxl1.com/common/all/201812/fwsBQVt/fwsBQVt.rmvb,thunder://QUFodHRwczovL21teHpxeGwxLmNvbS9jb21tb24vYWxsLzIwMTgxMi9md3NCUVZ0L2Z3c0JRVnQucm12Ylpa
溢出的性j,/xiazai/26502.html,https://mmxzqxl1.com/common/all/201812/QTxwGHY/QTxwGHY.rmvb,thunder://QUFodHRwczovL21teHpxeGwxLmNvbS9jb21tb24vYWxsLzIwMTgxMi9RVHh3R0hZL1FUeHdHSFkucm12Ylpa
用淫Z加泡泡浴乳交刺激但s不你射出,/xiazai/26387.html,https://mmxzqxl1.com/common/all/201812/nkwKKRK/nkwKKRK.rmvb,thunder://QUFodHRwczovL21teHpxeGwxLmNvbS9jb21tb24vYWxsLzIwMTgxMi9ua3dLS1JLL25rd0tLUksucm12Ylpa
一奇苗l的身材妻子,/xiazai/26281.html,https://mmxzqxl1.com/common/all/201812/kaNNDXW/kaNNDXW.rmvb,thunder://QUFodHRwczovL21teHpxeGwxLmNvbS9jb21tb24vYWxsLzIwMTgxMi9rYU5ORFhXL2thTk5EWFcucm12Ylpa
中年H父夂裥越,/xiazai/26182.html,https://mmxzqxl1.com/common/all/201812/TSLKPMK/TSLKPMK.rmvb,thunder://QUFodHRwczovL21teHpxeGwxLmNvbS9jb21tb24vYWxsLzIwMTgxMi9UU0xLUE1LL1RTTEtQTUsucm12Ylpa
t色t暨射舳啻尾渴,/xiazai/26040.html,https://mmxzqxl1.com/common/all/201812/SLnBaGL/SLnBaGL.rmvb,thunder://QUFodHRwczovL21teHpxeGwxLmNvbS9jb21tb24vYWxsLzIwMTgxMi9TTG5CYUdML1NMbkJhR0wucm12Ylpa
美助理,/xiazai/25939.html,https://mmxzqxl1.com/common/all/201812/QsSwPgJ/QsSwPgJ.rmvb,thunder://QUFodHRwczovL21teHpxeGwxLmNvbS9jb21tb24vYWxsLzIwMTgxMi9Rc1N3UGdKL1FzU3dQZ0oucm12Ylpa
魅惑美女欲望身体AV面接,/xiazai/23914.html,https://mmxzqxl1.com/common/all/201809/2IW5pFt/2IW5pFt.rmvb,thunder://QUFodHRwczovL21teHpxeGwxLmNvbS9jb21tb24vYWxsLzIwMTgwOS8ySVc1cEZ0LzJJVzVwRnQucm12Ylpa
那e的巨乳比基尼素人先生,/xiazai/23813.html,https://mmxzqxl1.com/common/all/201809/ZGT5YWX/ZGT5YWX.rmvb,thunder://QUFodHRwczovL21teHpxeGwxLmNvbS9jb21tb24vYWxsLzIwMTgwOS9aR1Q1WVdYL1pHVDVZV1gucm12Ylpa
l言性欲,/xiazai/23676.html,https://mmxzqxl1.com/common/all/201809/RWcSD3z/RWcSD3z.rmvb,thunder://QUFodHRwczovL21teHpxeGwxLmNvbS9jb21tb24vYWxsLzIwMTgwOS9SV2NTRDN6L1JXY1NEM3oucm12Ylpa
Q生日彼女,/xiazai/23569.html,https://mmxzqxl1.com/common/all/201809/oyMthCg/oyMthCg.rmvb,thunder://QUFodHRwczovL21teHpxeGwxLmNvbS9jb21tb24vYWxsLzIwMTgwOS9veU10aENnL295TXRoQ2cucm12Ylpa
被地方不良威{女友肀幻H翻姬野菖蒲,/xiazai/23463.html,https://mmxzqxl1.com/common/all/201809/UQhtBmz/UQhtBmz.rmvb,thunder://QUFodHRwczovL21teHpxeGwxLmNvbS9jb21tb24vYWxsLzIwMTgwOS9VUWh0Qm16L1VRaHRCbXoucm12Ylpa
街角巨乳,/xiazai/23330.html,https://mmxzqxl1.com/common/all/201809/E40v4Wt/E40v4Wt.rmvb,thunder://QUFodHRwczovL21teHpxeGwxLmNvbS9jb21tb24vYWxsLzIwMTgwOS9FNDB2NFd0L0U0MHY0V3Qucm12Ylpa
街角素人,/xiazai/23260.html,https://mmxzqxl1.com/common/all/201809/T0iSXfN/T0iSXfN.rmvb,thunder://QUFodHRwczovL21teHpxeGwxLmNvbS9jb21tb24vYWxsLzIwMTgwOS9UMGlTWGZOL1QwaVNYZk4ucm12Ylpa
T惑女教,/xiazai/23179.html,https://mmxzqxl1.com/common/all/201809/dawU7kN/dawU7kN.rmvb,thunder://QUFodHRwczovL21teHpxeGwxLmNvbS9jb21tb24vYWxsLzIwMTgwOS9kYXdVN2tOL2Rhd1U3a04ucm12Ylpa
美熟女,/xiazai/23117.html,https://mmxzqxl1.com/common/all/201809/WZGhYAu/WZGhYAu.rmvb,thunder://QUFodHRwczovL21teHpxeGwxLmNvbS9jb21tb24vYWxsLzIwMTgwOS9XWkdoWUF1L1daR2hZQXUucm12Ylpa
美女3,/xiazai/23022.html,https://mmxzqxl1.com/common/all/201809/TzahCjp/TzahCjp.rmvb,thunder://QUFodHRwczovL21teHpxeGwxLmNvbS9jb21tb24vYWxsLzIwMTgwOS9UemFoQ2pwL1R6YWhDanAucm12Ylpa
美女装子,/xiazai/22924.html,https://mmxzqxl1.com/common/all/201809/ge2YkLW/ge2YkLW.rmvb,thunder://QUFodHRwczovL21teHpxeGwxLmNvbS9jb21tb24vYWxsLzIwMTgwOS9nZTJZa0xXL2dlMllrTFcucm12Ylpa
素人投稿踊超}人妻女教,/xiazai/22769.html,https://mmxzqxl1.com/common/all/201809/ipWt8nP/ipWt8nP.rmvb,thunder://QUFodHRwczovL21teHpxeGwxLmNvbS9jb21tb24vYWxsLzIwMTgwOS9pcFd0OG5QL2lwV3Q4blAucm12Ylpa
童,/xiazai/22606.html,https://mmxzqxl1.com/common/all/201809/7m4SX4d,thunder://QUFodHRwczovL21teHpxeGwxLmNvbS9jb21tb24vYWxsLzIwMTgwOS83bTRTWDRkWlo=
~,/xiazai/22472.html,https://mmxzqxl1.com/common/all/201809/KsKdHlb/KsKdHlb.rmvb,thunder://QUFodHRwczovL21teHpxeGwxLmNvbS9jb21tb24vYWxsLzIwMTgwOS9Lc0tkSGxiL0tzS2RIbGIucm12Ylpa
九州方言,/xiazai/22471.html,https://mmxzqxl1.com/common/all/201809/lv2xwNz/lv2xwNz.rmvb,thunder://QUFodHRwczovL21teHpxeGwxLmNvbS9jb21tb24vYWxsLzIwMTgwOS9sdjJ4d056L2x2Mnh3Tnoucm12Ylpa
爆乳2,/xiazai/22432.html,https://mmxzqxl1.com/common/all/201809/tqvTAjh/tqvTAjh.rmvbhttps://mmxzqxl1.com/common/all/201809/m5eQIY7/m5eQIY7.rmvb,thunder://QUFodHRwczovL21teHpxeGwxLmNvbS9jb21tb24vYWxsLzIwMTgwOS90cXZUQWpoL3RxdlRBamgucm12Ymh0dHBzOi8vbW14enF4bDEuY29tL2NvbW1vbi9hbGwvMjAxODA5L201ZVFJWTcvbTVlUUlZNy5ybXZiWlo=
oM的性,/xiazai/22431.html,https://mmxzqxl1.com/common/all/201809/tqvTAjh/tqvTAjh.rmvb,thunder://QUFodHRwczovL21teHpxeGwxLmNvbS9jb21tb24vYWxsLzIwMTgwOS90cXZUQWpoL3RxdlRBamgucm12Ylpa
o意R男,/xiazai/22248.html,https://mmxzqxl1.com/common/all/201809/qHUc4wd/qHUc4wd.rmvb,thunder://QUFodHRwczovL21teHpxeGwxLmNvbS9jb21tb24vYWxsLzIwMTgwOS9xSFVjNHdkL3FIVWM0d2Qucm12Ylpa
莉久中出,/xiazai/22247.html,https://mmxzqxl1.com/common/all/201809/Oyx2deW/Oyx2deW.rmvb,thunder://QUFodHRwczovL21teHpxeGwxLmNvbS9jb21tb24vYWxsLzIwMTgwOS9PeXgyZGVXL095eDJkZVcucm12Ylpa
淫yo士水野朝挑鹌,/xiazai/22077.html,https://mmxzqxl1.com/common/all/201809/DutbD2C/DutbD2C.rmvb,thunder://QUFodHRwczovL21teHpxeGwxLmNvbS9jb21tb24vYWxsLzIwMTgwOS9EdXRiRDJDL0R1dGJEMkMucm12Ylpa
淫y手技射精管理女家教九重h奈,/xiazai/22076.html,https://mmxzqxl1.com/common/all/201809/HB80Jsa/HB80Jsa.rmvb,thunder://QUFodHRwczovL21teHpxeGwxLmNvbS9jb21tb24vYWxsLzIwMTgwOS9IQjgwSnNhL0hCODBKc2Eucm12Ylpa
全身性感,/xiazai/21950.html,https://mmxzqxl1.com/common/all/201809/g0rFqTH/g0rFqTH.rmvb,thunder://QUFodHRwczovL21teHpxeGwxLmNvbS9jb21tb24vYWxsLzIwMTgwOS9nMHJGcVRIL2cwckZxVEgucm12Ylpa
欲求不阂乱妻,/xiazai/21949.html,https://mmxzqxl1.com/common/all/201809/KQMHxEl/KQMHxEl.rmvb,thunder://QUFodHRwczovL21teHpxeGwxLmNvbS9jb21tb24vYWxsLzIwMTgwOS9LUU1IeEVsL0tRTUh4RWwucm12Ylpa
O上L俗,/xiazai/21948.html,https://mmxzqxl1.com/common/all/201809/903dLIB/903dLIB.rmvb,thunder://QUFodHRwczovL21teHpxeGwxLmNvbS9jb21tb24vYWxsLzIwMTgwOS85MDNkTElCLzkwM2RMSUIucm12Ylpa
突脑L2,/xiazai/21901.html,https://mmxzqxl1.com/common/all/201809/9eAxhBm/9eAxhBm.rmvb,thunder://QUFodHRwczovL21teHpxeGwxLmNvbS9jb21tb24vYWxsLzIwMTgwOS85ZUF4aEJtLzllQXhoQm0ucm12Ylpa
极上爆乳义母近H相,/xiazai/21900.html,https://mmxzqxl1.com/common/all/201809/VY3IOuK/VY3IOuK.rmvb,thunder://QUFodHRwczovL21teHpxeGwxLmNvbS9jb21tb24vYWxsLzIwMTgwOS9WWTNJT3VLL1ZZM0lPdUsucm12Ylpa
有R,/xiazai/21899.html,https://mmxzqxl1.com/common/all/201809/3oqifb0/3oqifb0.rmvb,thunder://QUFodHRwczovL21teHpxeGwxLmNvbS9jb21tb24vYWxsLzIwMTgwOS8zb3FpZmIwLzNvcWlmYjAucm12Ylpa
不rg停止中出澡堂的店T,/xiazai/21721.html,https://mmxzqxl1.com/common/all/201809/652aehd/652aehd.rmvb,thunder://QUFodHRwczovL21teHpxeGwxLmNvbS9jb21tb24vYWxsLzIwMTgwOS82NTJhZWhkLzY1MmFlaGQucm12Ylpa
不,/xiazai/21720.html,https://mmxzqxl1.com/common/all/201809/1YrGVB6/1YrGVB6.rmvb,thunder://QUFodHRwczovL21teHpxeGwxLmNvbS9jb21tb24vYWxsLzIwMTgwOS8xWXJHVkI2LzFZckdWQjYucm12Ylpa
依m自慢美人妻,/xiazai/21673.html,https://mmxzqxl1.com/common/all/201809/aUiZwti/aUiZwti.rmvb,thunder://QUFodHRwczovL21teHpxeGwxLmNvbS9jb21tb24vYWxsLzIwMTgwOS9hVWlad3RpL2FVaVp3dGkucm12Ylpa
敏感乳首巨乳娘,/xiazai/21672.html,https://mmxzqxl1.com/common/all/201809/33R0MmL/33R0MmL.rmvb,thunder://QUFodHRwczovL21teHpxeGwxLmNvbS9jb21tb24vYWxsLzIwMTgwOS8zM1IwTW1MLzMzUjBNbUwucm12Ylpa
改名第2,/xiazai/21588.html,https://mmxzqxl1.com/common/all/201809/GODkB4A/GODkB4A.rmvb,thunder://QUFodHRwczovL21teHpxeGwxLmNvbS9jb21tb24vYWxsLzIwMTgwOS9HT0RrQjRBL0dPRGtCNEEucm12Ylpa
成,/xiazai/21587.html,https://mmxzqxl1.com/common/all/201809/AMofS6T/AMofS6T.rmvb,thunder://QUFodHRwczovL21teHpxeGwxLmNvbS9jb21tb24vYWxsLzIwMTgwOS9BTW9mUzZUL0FNb2ZTNlQucm12Ylpa
快啡轭^,/xiazai/21586.html,https://mmxzqxl1.com/common/all/201809/6CqmBZk/6CqmBZk.rmvb,thunder://QUFodHRwczovL21teHpxeGwxLmNvbS9jb21tb24vYWxsLzIwMTgwOS82Q3FtQlprLzZDcW1CWmsucm12Ylpa
SEX4本番,/xiazai/21404.html,https://mmxzqxl1.com/common/all/201809/GLAliAN/GLAliAN.rmvb,thunder://QUFodHRwczovL21teHpxeGwxLmNvbS9jb21tb24vYWxsLzIwMTgwOS9HTEFsaUFOL0dMQWxpQU4ucm12Ylpa
其实我爱你,/xiazai/21403.html,https://mmxzqxl1.com/common/all/201809/fPyELjt/fPyELjt.rmvb,thunder://QUFodHRwczovL21teHpxeGwxLmNvbS9jb21tb24vYWxsLzIwMTgwOS9mUHlFTGp0L2ZQeUVManQucm12Ylpa
人妻按摩养生催情诱奸,/xiazai/21402.html,https://mmxzqxl1.com/common/all/201809/r3O1NDb/r3O1NDb.rmvb,thunder://QUFodHRwczovL21teHpxeGwxLmNvbS9jb21tb24vYWxsLzIwMTgwOS9yM08xTkRiL3IzTzFORGIucm12Ylpa
人妻交流会,/xiazai/21325.html,https://mmxzqxl1.com/common/all/201809/DcZLdIZ/DcZLdIZ.rmvb,thunder://QUFodHRwczovL21teHpxeGwxLmNvbS9jb21tb24vYWxsLzIwMTgwOS9EY1pMZElaL0RjWkxkSVoucm12Ylpa
乖巧女醒,/xiazai/21324.html,https://mmxzqxl1.com/common/all/201809/2RWnjm3/2RWnjm3.rmvb,thunder://QUFodHRwczovL21teHpxeGwxLmNvbS9jb21tb24vYWxsLzIwMTgwOS8yUlduam0zLzJSV25qbTMucm12Ylpa
隐秘的SEX,/xiazai/21323.html,https://mmxzqxl1.com/common/all/201809/x8yxzg3/x8yxzg3.rmvb,thunder://QUFodHRwczovL21teHpxeGwxLmNvbS9jb21tb24vYWxsLzIwMTgwOS94OHl4emczL3g4eXh6ZzMucm12Ylpa
微乳娘敏感乳首激萌骑乘,/xiazai/21216.html,https://mmxzqxl1.com/common/all/201809/fMpQahT/fMpQahT.rmvb,thunder://QUFodHRwczovL21teHpxeGwxLmNvbS9jb21tb24vYWxsLzIwMTgwOS9mTXBRYWhUL2ZNcFFhaFQucm12Ylpa
平日社内,/xiazai/21215.html,https://mmxzqxl1.com/common/all/201809/Lvudn0s/Lvudn0s.rmvb,thunder://QUFodHRwczovL21teHpxeGwxLmNvbS9jb21tb24vYWxsLzIwMTgwOS9MdnVkbjBzL0x2dWRuMHMucm12Ylpa
巨根少年鹤,/xiazai/21214.html,https://mmxzqxl1.com/common/all/201809/UtVCzx2/UtVCzx2.rmvb,thunder://QUFodHRwczovL21teHpxeGwxLmNvbS9jb21tb24vYWxsLzIwMTgwOS9VdFZDengyL1V0VkN6eDIucm12Ylpa
巨大魇景,/xiazai/21091.html,https://mmxzqxl1.com/common/all/201809/6mVltBG/6mVltBG.rmvb,thunder://QUFodHRwczovL21teHpxeGwxLmNvbS9jb21tb24vYWxsLzIwMTgwOS82bVZsdEJHLzZtVmx0Qkcucm12Ylpa
工S欠被H翻的爆乳寡D天野美,/xiazai/21090.html,https://mmxzqxl1.com/common/all/201809/lQQGWZJ/lQQGWZJ.rmvb,thunder://QUFodHRwczovL21teHpxeGwxLmNvbS9jb21tb24vYWxsLzIwMTgwOS9sUVFHV1pKL2xRUUdXWkoucm12Ylpa
容Se人侵入心和身w的人妻,/xiazai/21089.html,https://mmxzqxl1.com/common/all/201809/yFXtHQ3/yFXtHQ3.rmvb,thunder://QUFodHRwczovL21teHpxeGwxLmNvbS9jb21tb24vYWxsLzIwMTgwOS95Rlh0SFEzL3lGWHRIUTMucm12Ylpa
小泽玛利亚,/xiazai/20884.html,https://mmxzqxl1.com/common/all/201809/0D6eVrk/0D6eVrk.rmvb,thunder://QUFodHRwczovL21teHpxeGwxLmNvbS9jb21tb24vYWxsLzIwMTgwOS8wRDZlVnJrLzBENmVWcmsucm12Ylpa
O限爆k,/xiazai/20883.html,https://mmxzqxl1.com/common/all/201809/fC16U3Y/fC16U3Y.rmvb,thunder://QUFodHRwczovL21teHpxeGwxLmNvbS9jb21tb24vYWxsLzIwMTgwOS9mQzE2VTNZL2ZDMTZVM1kucm12Ylpa
女子,/xiazai/20882.html,https://mmxzqxl1.com/common/all/201809/iOKZwDE/iOKZwDE.rmvb,thunder://QUFodHRwczovL21teHpxeGwxLmNvbS9jb21tb24vYWxsLzIwMTgwOS9pT0tad0RFL2lPS1p3REUucm12Ylpa
温泉旅^,/xiazai/20713.html,https://mmxzqxl1.com/common/all/201809/04P5MEq/04P5MEq.rmvb,thunder://QUFodHRwczovL21teHpxeGwxLmNvbS9jb21tb24vYWxsLzIwMTgwOS8wNFA1TUVxLzA0UDVNRXEucm12Ylpa
1泊2日,/xiazai/20712.html,https://mmxzqxl1.com/common/all/201809/DutbD2C/DutbD2C.rmvb,thunder://QUFodHRwczovL21teHpxeGwxLmNvbS9jb21tb24vYWxsLzIwMTgwOS9EdXRiRDJDL0R1dGJEMkMucm12Ylpa
M界新星,/xiazai/20711.html,https://mmxzqxl1.com/common/all/201809/13TDgZT6w/13TDgZT6w.rmvb,thunder://QUFodHRwczovL21teHpxeGwxLmNvbS9jb21tb24vYWxsLzIwMTgwOS/vu79URGdaVDZ3L++7v1REZ1pUNncucm12Ylpa
真面目,/xiazai/20666.html,https://mmxzqxl1.com/common/all/201809/irOEZU2/irOEZU2.rmvb,thunder://QUFodHRwczovL21teHpxeGwxLmNvbS9jb21tb24vYWxsLzIwMTgwOS9pck9FWlUyL2lyT0VaVTIucm12Ylpa
中出性I理,/xiazai/20665.html,https://mmxzqxl1.com/common/all/201809/1309v8MoO/09v8MoO.rmvb,thunder://QUFodHRwczovL21teHpxeGwxLmNvbS9jb21tb24vYWxsLzIwMTgwOS/vu78wOXY4TW9PLzA5djhNb08ucm12Ylpa
女_,/xiazai/20664.html,https://mmxzqxl1.com/common/all/201809/13dj5sBlw/13dj5sBlw.rmvb,thunder://QUFodHRwczovL21teHpxeGwxLmNvbS9jb21tb24vYWxsLzIwMTgwOS/vu79kajVzQmx3L++7v2RqNXNCbHcucm12Ylpa
中出x,/xiazai/20539.html,https://mmxzqxl1.com/common/all/201809/13zzkL5k1/13zzkL5k1.rmvb,thunder://QUFodHRwczovL21teHpxeGwxLmNvbS9jb21tb24vYWxsLzIwMTgwOS/vu796emtMNWsxL++7v3p6a0w1azEucm12Ylpa
下流R位清咖啡店LAV演出,/xiazai/20538.html,https://mmxzqxl1.com/common/all/201809/13KuEix7T/13KuEix7T.rmvb,thunder://QUFodHRwczovL21teHpxeGwxLmNvbS9jb21tb24vYWxsLzIwMTgwOS/vu79LdUVpeDdUL++7v0t1RWl4N1Qucm12Ylpa
AV出演,/xiazai/20478.html,https://mmxzqxl1.com/common/all/201809/13pC1f4KK/13pC1f4KK.rmvb,thunder://QUFodHRwczovL21teHpxeGwxLmNvbS9jb21tb24vYWxsLzIwMTgwOS/vu79wQzFmNEtLL++7v3BDMWY0S0sucm12Ylpa
未亡人,/xiazai/20477.html,https://mmxzqxl1.com/common/all/201809/13vaXfr9F/13vaXfr9F.rmvb,thunder://QUFodHRwczovL21teHpxeGwxLmNvbS9jb21tb24vYWxsLzIwMTgwOS/vu792YVhmcjlGL++7v3ZhWGZyOUYucm12Ylpa
美巨乳30人,/xiazai/20247.html,https://mmxzqxl1.com/common/all/201809/137PzaJ0m/137PzaJ0m.rmvb,thunder://QUFodHRwczovL21teHpxeGwxLmNvbS9jb21tb24vYWxsLzIwMTgwOS/vu783UHphSjBtL++7vzdQemFKMG0ucm12Ylpa
20r限定4rgBEST,/xiazai/20246.html,https://mmxzqxl1.com/common/all/201809/ue3w6rH/ue3w6rH.rmvb,thunder://QUFodHRwczovL21teHpxeGwxLmNvbS9jb21tb24vYWxsLzIwMTgwOS91ZTN3NnJIL3VlM3c2ckgucm12Ylpa
不可思议的体位,/xiazai/11250.html,https://mmxzqxl1.com/common/yazhou/201805/24/bbmcSFMu/bbmcSFMu.rmvb,thunder://QUFodHRwczovL21teHpxeGwxLmNvbS9jb21tb24veWF6aG91LzIwMTgwNS8yNC9iYm1jU0ZNdS9iYm1jU0ZNdS5ybXZiWlo=
早漏妻大乱交,/xiazai/11243.html,https://mmxzqxl1.com/common/yazhou/201806/hwnkE10/hwnkE10.rmvb,thunder://QUFodHRwczovL21teHpxeGwxLmNvbS9jb21tb24veWF6aG91LzIwMTgwNi9od25rRTEwL2h3bmtFMTAucm12Ylpa
不穿妊和纫,/xiazai/11239.html,https://mmxzqxl1.com/common/yazhou/201806/ebbihpo/ebbihpo.rmvb,thunder://QUFodHRwczovL21teHpxeGwxLmNvbS9jb21tb24veWF6aG91LzIwMTgwNi9lYmJpaHBvL2ViYmlocG8ucm12Ylpa
乳美少女性交,/xiazai/11238.html,https://mmxzqxl1.com/common/yazhou/201806/FRmt5oX/FRmt5oX.rmvb,thunder://QUFodHRwczovL21teHpxeGwxLmNvbS9jb21tb24veWF6aG91LzIwMTgwNi9GUm10NW9YL0ZSbXQ1b1gucm12Ylpa
18qAV偶像私密n案音o沙耶香,/xiazai/11237.html,https://mmxzqxl1.com/common/yazhou/201806/NFJrEEl/NFJrEEl.rmvb,thunder://QUFodHRwczovL21teHpxeGwxLmNvbS9jb21tb24veWF6aG91LzIwMTgwNi9ORkpyRUVsL05GSnJFRWwucm12Ylpa
超薄格,/xiazai/11232.html,https://mmxzqxl1.com/common/yazhou/201805/24/DdLpYwju/DdLpYwju.rmvb,thunder://QUFodHRwczovL21teHpxeGwxLmNvbS9jb21tb24veWF6aG91LzIwMTgwNS8yNC9EZExwWXdqdS9EZExwWXdqdS5ybXZiWlo=
勃起不全的我,/xiazai/11230.html,https://mmxzqxl1.com/common/yazhou/201805/24/naPWSLEe/naPWSLEe.rmvb,thunder://QUFodHRwczovL21teHpxeGwxLmNvbS9jb21tb24veWF6aG91LzIwMTgwNS8yNC9uYVBXU0xFZS9uYVBXU0xFZS5ybXZiWlo=
超硬勃起髡f,/xiazai/11228.html,https://mmxzqxl1.com/common/yazhou/201805/23/YFjvNLwv/YFjvNLwv.rmvb,thunder://QUFodHRwczovL21teHpxeGwxLmNvbS9jb21tb24veWF6aG91LzIwMTgwNS8yMy9ZRmp2Tkx3di9ZRmp2Tkx3di5ybXZiWlo=
超素人l道,/xiazai/11227.html,https://mmxzqxl1.com/common/yazhou/201805/23/RXSLLXku/RXSLLXku.rmvb,thunder://QUFodHRwczovL21teHpxeGwxLmNvbS9jb21tb24veWF6aG91LzIwMTgwNS8yMy9SWFNMTFhrdS9SWFNMTFhrdS5ybXZiWlo=
初体验,/xiazai/11225.html,https://mmxzqxl1.com/common/yazhou/201805/22/XUkSpHpq/XUkSpHpq.rmvb,thunder://QUFodHRwczovL21teHpxeGwxLmNvbS9jb21tb24veWF6aG91LzIwMTgwNS8yMi9YVWtTcEhwcS9YVWtTcEhwcS5ybXZiWlo=
初撮人妻,/xiazai/11223.html,https://mmxzqxl1.com/common/yazhou/201805/22/PBnFqLuS/PBnFqLuS.rmvb,thunder://QUFodHRwczovL21teHpxeGwxLmNvbS9jb21tb24veWF6aG91LzIwMTgwNS8yMi9QQm5GcUx1Uy9QQm5GcUx1Uy5ybXZiWlo=
全裸家政Dol,/xiazai/11220.html,https://mmxzqxl1.com/common/yazhou/201805/22/QCeChYmH/QCeChYmH.rmvb,thunder://QUFodHRwczovL21teHpxeGwxLmNvbS9jb21tb24veWF6aG91LzIwMTgwNS8yMi9RQ2VDaFltSC9RQ2VDaFltSC5ybXZiWlo=
到都穿\佣萄,/xiazai/11219.html,https://mmxzqxl1.com/common/yazhou/201805/21/KwYqaFkV/KwYqaFkV.rmvb,thunder://QUFodHRwczovL21teHpxeGwxLmNvbS9jb21tb24veWF6aG91LzIwMTgwNS8yMS9Ld1lxYUZrVi9Ld1lxYUZrVi5ybXZiWlo=
吉川的特庵谐,/xiazai/11217.html,https://mmxzqxl1.com/common/yazhou/201805/19/vhUHrFMd/vhUHrFMd.rmvb,thunder://QUFodHRwczovL21teHpxeGwxLmNvbS9jb21tb24veWF6aG91LzIwMTgwNS8xOS92aFVIckZNZC92aFVIckZNZC5ybXZiWlo=
慢射精勃起美容沙,/xiazai/11216.html,https://mmxzqxl1.com/common/yazhou/201805/19/wQrDGMGr/wQrDGMGr.rmvb,thunder://QUFodHRwczovL21teHpxeGwxLmNvbS9jb21tb24veWF6aG91LzIwMTgwNS8xOS93UXJER01Hci93UXJER01Hci5ybXZiWlo=
\本美D,/xiazai/11215.html,https://mmxzqxl1.com/common/yazhou/201805/18/qJdUXAJn/qJdUXAJn.rmvb,thunder://QUFodHRwczovL21teHpxeGwxLmNvbS9jb21tb24veWF6aG91LzIwMTgwNS8xOC9xSmRVWEFKbi9xSmRVWEFKbi5ybXZiWlo=
漂亮少妇,/xiazai/11212.html,https://mmxzqxl1.com/common/yazhou/201805/17/gSrmQfuq/gSrmQfuq.rmvb,thunder://QUFodHRwczovL21teHpxeGwxLmNvbS9jb21tb24veWF6aG91LzIwMTgwNS8xNy9nU3JtUWZ1cS9nU3JtUWZ1cS5ybXZiWlo=
MT中痴h的肉棒著越碓脚d^,/xiazai/11210.html,https://mmxzqxl1.com/common/yazhou/201805/16/bwsHCCmP/bwsHCCmP.rmvb,thunder://QUFodHRwczovL21teHpxeGwxLmNvbS9jb21tb24veWF6aG91LzIwMTgwNS8xNi9id3NIQ0NtUC9id3NIQ0NtUC5ybXZiWlo=
可W妹吞男的我射精管理,/xiazai/11206.html,https://mmxzqxl1.com/common/yazhou/201805/15/YjcMTsmK/YjcMTsmK.rmvb,thunder://QUFodHRwczovL21teHpxeGwxLmNvbS9jb21tb24veWF6aG91LzIwMTgwNS8xNS9ZamNNVHNtSy9ZamNNVHNtSy5ybXZiWlo=
温泉旅馆性爱旅行,/xiazai/11204.html,https://mmxzqxl1.com/common/yazhou/201805/13/HxeDvkeA/HxeDvkeA.rmvb,thunder://QUFodHRwczovL21teHpxeGwxLmNvbS9jb21tb24veWF6aG91LzIwMTgwNS8xMy9IeGVEdmtlQS9IeGVEdmtlQS5ybXZiWlo=
П可鄣呐孩^,/xiazai/11202.html,https://mmxzqxl1.com/common/yazhou/201805/12/SjsHjahC/SjsHjahC.rmvb,thunder://QUFodHRwczovL21teHpxeGwxLmNvbS9jb21tb24veWF6aG91LzIwMTgwNS8xMi9TanNIamFoQy9TanNIamFoQy5ybXZiWlo=
弄衲愕难子w育^,/xiazai/11201.html,https://mmxzqxl1.com/common/yazhou/201805/13/LKQdRfRH/LKQdRfRH.rmvb,thunder://QUFodHRwczovL21teHpxeGwxLmNvbS9jb21tb24veWF6aG91LzIwMTgwNS8xMy9MS1FkUmZSSC9MS1FkUmZSSC5ybXZiWlo=
女子大生露出,/xiazai/11200.html,https://mmxzqxl1.com/common/yazhou/201805/12/qTGprBSY/qTGprBSY.rmvb,thunder://QUFodHRwczovL21teHpxeGwxLmNvbS9jb21tb24veWF6aG91LzIwMTgwNS8xMi9xVEdwckJTWS9xVEdwckJTWS5ybXZiWlo=
射精o制限ol,/xiazai/11198.html,https://mmxzqxl1.com/common/yazhou/201805/10/MtpkmdBX/MtpkmdBX.rmvb,thunder://QUFodHRwczovL21teHpxeGwxLmNvbS9jb21tb24veWF6aG91LzIwMTgwNS8xMC9NdHBrbWRCWC9NdHBrbWRCWC5ybXZiWlo=
保险夫人,/xiazai/11194.html,https://mmxzqxl1.com/common/yazhou/201805/10/xMGQURSp/xMGQURSp.rmvb,thunder://QUFodHRwczovL21teHpxeGwxLmNvbS9jb21tb24veWF6aG91LzIwMTgwNS8xMC94TUdRVVJTcC94TUdRVVJTcC5ybXZiWlo=
私通的妻子,/xiazai/11190.html,https://mmxzqxl1.com/common/yazhou/201805/09/RcvkQJVP/RcvkQJVP.rmvb,thunder://QUFodHRwczovL21teHpxeGwxLmNvbS9jb21tb24veWF6aG91LzIwMTgwNS8wOS9SY3ZrUUpWUC9SY3ZrUUpWUC5ybXZiWlo=
妄想sex,/xiazai/11189.html,https://mmxzqxl1.com/common/yazhou/201805/09/uqeBVHcD/uqeBVHcD.rmvb,thunder://QUFodHRwczovL21teHpxeGwxLmNvbS9jb21tb24veWF6aG91LzIwMTgwNS8wOS91cWVCVkhjRC91cWVCVkhjRC5ybXZiWlo=
o制限射精,/xiazai/11185.html,https://mmxzqxl1.com/common/yazhou/201805/07/JkUhKhYU/JkUhKhYU.rmvb,thunder://QUFodHRwczovL21teHpxeGwxLmNvbS9jb21tb24veWF6aG91LzIwMTgwNS8wNy9Ka1VoS2hZVS9Ka1VoS2hZVS5ybXZiWlo=
巨乳女子校生ol,/xiazai/11183.html,https://mmxzqxl1.com/common/yazhou/201805/07/pWKpxUUd/pWKpxUUd.rmvb,thunder://QUFodHRwczovL21teHpxeGwxLmNvbS9jb21tb24veWF6aG91LzIwMTgwNS8wNy9wV0tweFVVZC9wV0tweFVVZC5ybXZiWlo=
燮,/xiazai/11182.html,https://mmxzqxl1.com/common/yazhou/201805/05/qbVnpWtk/qbVnpWtk.rmvb,thunder://QUFodHRwczovL21teHpxeGwxLmNvbS9jb21tb24veWF6aG91LzIwMTgwNS8wNS9xYlZucFd0ay9xYlZucFd0ay5ybXZiWlo=
主D美人,/xiazai/11181.html,https://mmxzqxl1.com/common/yazhou/201805/04/SSYrXgSp/SSYrXgSp.rmvb,thunder://QUFodHRwczovL21teHpxeGwxLmNvbS9jb21tb24veWF6aG91LzIwMTgwNS8wNC9TU1lyWGdTcC9TU1lyWGdTcC5ybXZiWlo=
有名角色扮演者,/xiazai/11176.html,https://mmxzqxl1.com/common/yazhou/201805/03/bcjKXpvr/bcjKXpvr.rmvb,thunder://QUFodHRwczovL21teHpxeGwxLmNvbS9jb21tb24veWF6aG91LzIwMTgwNS8wMy9iY2pLWHB2ci9iY2pLWHB2ci5ybXZiWlo=
危U日中出ol,/xiazai/11173.html,https://mmxzqxl1.com/common/yazhou/201805/03/WEmGGnXK/WEmGGnXK.rmvb,thunder://QUFodHRwczovL21teHpxeGwxLmNvbS9jb21tb24veWF6aG91LzIwMTgwNS8wMy9XRW1HR25YSy9XRW1HR25YSy5ybXZiWlo=
全裸的鹤,/xiazai/11171.html,https://mmxzqxl1.com/common/yazhou/201805/02/SrUsnCvq/SrUsnCvq.rmvb,thunder://QUFodHRwczovL21teHpxeGwxLmNvbS9jb21tb24veWF6aG91LzIwMTgwNS8wMi9TclVzbkN2cS9TclVzbkN2cS5ybXZiWlo=
治男人技能熟,/xiazai/11168.html,https://mmxzqxl1.com/common/yazhou/201805/01/TQWTMexv/TQWTMexv.rmvb,thunder://QUFodHRwczovL21teHpxeGwxLmNvbS9jb21tb24veWF6aG91LzIwMTgwNS8wMS9UUVdUTWV4di9UUVdUTWV4di5ybXZiWlo=
超~品ol,/xiazai/11166.html,https://mmxzqxl1.com/common/yazhou/201804/24/JcaMpPbV/JcaMpPbV.rmvb,thunder://QUFodHRwczovL21teHpxeGwxLmNvbS9jb21tb24veWF6aG91LzIwMTgwNC8yNC9KY2FNcFBiVi9KY2FNcFBiVi5ybXZiWlo=
口内射精ol,/xiazai/11165.html,https://mmxzqxl1.com/common/yazhou/201804/29/pXsTPhcF/pXsTPhcF.rmvb,thunder://QUFodHRwczovL21teHpxeGwxLmNvbS9jb21tb24veWF6aG91LzIwMTgwNC8yOS9wWHNUUGhjRi9wWHNUUGhjRi5ybXZiWlo=
潮吹中出,/xiazai/11161.html,https://mmxzqxl1.com/common/yazhou/201804/12/bLYHmkcw/bLYHmkcw.rmvb,thunder://QUFodHRwczovL21teHpxeGwxLmNvbS9jb21tb24veWF6aG91LzIwMTgwNC8xMi9iTFlIbWtjdy9iTFlIbWtjdy5ybXZiWlo=
出走的少女,/xiazai/11160.html,https://mmxzqxl1.com/common/yazhou/201804/11/DwjbWAhJ/DwjbWAhJ.rmvb,thunder://QUFodHRwczovL21teHpxeGwxLmNvbS9jb21tb24veWF6aG91LzIwMTgwNC8xMS9Ed2piV0FoSi9Ed2piV0FoSi5ybXZiWlo=
浓密的性爱,/xiazai/11158.html,https://mmxzqxl1.com/common/yazhou/201803/09/aesc4377/aesc4377.rmvb,thunder://QUFodHRwczovL21teHpxeGwxLmNvbS9jb21tb24veWF6aG91LzIwMTgwMy8wOS9hZXNjNDM3Ny9hZXNjNDM3Ny5ybXZiWlo=
口交9,/xiazai/11156.html,https://mmxzqxl1.com/common/yazhou/201804/02/cqstwXqD/cqstwXqD.rmvb,thunder://QUFodHRwczovL21teHpxeGwxLmNvbS9jb21tb24veWF6aG91LzIwMTgwNC8wMi9jcXN0d1hxRC9jcXN0d1hxRC5ybXZiWlo=
男上司女部下来挑战按摩疗法,/xiazai/11153.html,https://mmxzqxl1.com/common/yazhou/201803/09/xyuwsmqt/xyuwsmqt.rmvb,thunder://QUFodHRwczovL21teHpxeGwxLmNvbS9jb21tb24veWF6aG91LzIwMTgwMy8wOS94eXV3c21xdC94eXV3c21xdC5ybXZiWlo=
~ol,/xiazai/11148.html,https://mmxzqxl1.com/common/yazhou/201803/08/5xctaf7j/5xctaf7j.rmvb,thunder://QUFodHRwczovL21teHpxeGwxLmNvbS9jb21tb24veWF6aG91LzIwMTgwMy8wOC81eGN0YWY3ai81eGN0YWY3ai5ybXZiWlo=
快感射精,/xiazai/11147.html,https://mmxzqxl1.com/common/yazhou/201803/07/5g8d3r6w/5g8d3r6w.rmvb,thunder://QUFodHRwczovL21teHpxeGwxLmNvbS9jb21tb24veWF6aG91LzIwMTgwMy8wNy81ZzhkM3I2dy81ZzhkM3I2dy5ybXZiWlo=
勃起sex1,/xiazai/11146.html,https://mmxzqxl1.com/common/yazhou/201803/06/53fhs4ww/53fhs4ww.rmvb,thunder://QUFodHRwczovL21teHpxeGwxLmNvbS9jb21tb24veWF6aG91LzIwMTgwMy8wNi81M2ZoczR3dy81M2ZoczR3dy5ybXZiWlo=
美D,/xiazai/11144.html,https://mmxzqxl1.com/common/yazhou/201803/04/uawaewwu/uawaewwu.rmvb,thunder://QUFodHRwczovL21teHpxeGwxLmNvbS9jb21tb24veWF6aG91LzIwMTgwMy8wNC91YXdhZXd3dS91YXdhZXd3dS5ybXZiWlo=
巨乳sex1,/xiazai/11141.html,https://mmxzqxl1.com/common/yazhou/201803/01/addhyp46/addhyp46.rmvb,thunder://QUFodHRwczovL21teHpxeGwxLmNvbS9jb21tb24veWF6aG91LzIwMTgwMy8wMS9hZGRoeXA0Ni9hZGRoeXA0Ni5ybXZiWlo=
20r的美少女,/xiazai/11139.html,https://mmxzqxl1.com/common/yazhou/201803/01/xhqspynv/xhqspynv.rmvb,thunder://QUFodHRwczovL21teHpxeGwxLmNvbS9jb21tb24veWF6aG91LzIwMTgwMy8wMS94aHFzcHludi94aHFzcHludi5ybXZiWlo=
成人式,/xiazai/11136.html,https://mmxzqxl1.com/common/yazhou/201802/24/jBxvmtw4/jBxvmtw4.rmvb,thunder://QUFodHRwczovL21teHpxeGwxLmNvbS9jb21tb24veWF6aG91LzIwMTgwMi8yNC9qQnh2bXR3NC9qQnh2bXR3NC5ybXZiWlo=
可鄣牧x妹,/xiazai/11132.html,https://mmxzqxl1.com/common/yazhou/201802/18/udpCd8NC/udpCd8NC.rmvb,thunder://QUFodHRwczovL21teHpxeGwxLmNvbS9jb21tb24veWF6aG91LzIwMTgwMi8xOC91ZHBDZDhOQy91ZHBDZDhOQy5ybXZiWlo=
快感sex,/xiazai/11129.html,https://mmxzqxl1.com/common/yazhou/201802/20/8QTffX2J/8QTffX2J.rmvb,thunder://QUFodHRwczovL21teHpxeGwxLmNvbS9jb21tb24veWF6aG91LzIwMTgwMi8yMC84UVRmZlgySi84UVRmZlgySi5ybXZiWlo=
n国少女,/xiazai/11128.html,https://mmxzqxl1.com/common/yazhou/201802/19/PVRB5tHB/PVRB5tHB.rmvb,thunder://QUFodHRwczovL21teHpxeGwxLmNvbS9jb21tb24veWF6aG91LzIwMTgwMi8xOS9QVlJCNXRIQi9QVlJCNXRIQi5ybXZiWlo=
普通女子,/xiazai/11125.html,https://mmxzqxl1.com/common/yazhou/201802/17/JU4nRaMC/JU4nRaMC.rmvb,thunder://QUFodHRwczovL21teHpxeGwxLmNvbS9jb21tb24veWF6aG91LzIwMTgwMi8xNy9KVTRuUmFNQy9KVTRuUmFNQy5ybXZiWlo=
乏妹中出,/xiazai/11122.html,https://mmxzqxl1.com/common/yazhou/201806/WXoGtW6/WXoGtW6.rmvb,thunder://QUFodHRwczovL21teHpxeGwxLmNvbS9jb21tb24veWF6aG91LzIwMTgwNi9XWG9HdFc2L1dYb0d0VzYucm12Ylpa
著名快f租U,/xiazai/11119.html,https://mmxzqxl1.com/common/yazhou/201806/WxSfW25/WxSfW25.rmvb,thunder://QUFodHRwczovL21teHpxeGwxLmNvbS9jb21tb24veWF6aG91LzIwMTgwNi9XeFNmVzI1L1d4U2ZXMjUucm12Ylpa
至高L挝,/xiazai/11116.html,https://mmxzqxl1.com/common/yazhou/201806/qQXz4fm/qQXz4fm.rmvb,thunder://QUFodHRwczovL21teHpxeGwxLmNvbS9jb21tb24veWF6aG91LzIwMTgwNi9xUVh6NGZtL3FRWHo0Zm0ucm12Ylpa
放心~,/xiazai/11110.html,https://mmxzqxl1.com/common/yazhou/201806/ZnYsoVc/ZnYsoVc.rmvb,thunder://QUFodHRwczovL21teHpxeGwxLmNvbS9jb21tb24veWF6aG91LzIwMTgwNi9abllzb1ZjL1puWXNvVmMucm12Ylpa
美乳ol,/xiazai/11109.html,https://mmxzqxl1.com/common/yazhou/201806/t9X3Rc7/t9X3Rc7.rmvb,thunder://QUFodHRwczovL21teHpxeGwxLmNvbS9jb21tb24veWF6aG91LzIwMTgwNi90OVgzUmM3L3Q5WDNSYzcucm12Ylpa
~_kオ性交,/xiazai/11107.html,https://mmxzqxl1.com/common/yazhou/201806/beab5dx/beab5dx.rmvb,thunder://QUFodHRwczovL21teHpxeGwxLmNvbS9jb21tb24veWF6aG91LzIwMTgwNi9iZWFiNWR4L2JlYWI1ZHgucm12Ylpa
男孩对大奶子很感兴趣,/xiazai/11106.html,https://mmxzqxl1.com/common/yazhou/201806/4qDECwb/4qDECwb.rmvb,thunder://QUFodHRwczovL21teHpxeGwxLmNvbS9jb21tb24veWF6aG91LzIwMTgwNi80cURFQ3diLzRxREVDd2Iucm12Ylpa
玷@大嫂的弟弟,/xiazai/11104.html,https://mmxzqxl1.com/common/yazhou/201806/A35axQ9/A35axQ9.rmvb,thunder://QUFodHRwczovL21teHpxeGwxLmNvbS9jb21tb24veWF6aG91LzIwMTgwNi9BMzVheFE5L0EzNWF4UTkucm12Ylpa
深喉档恼婵湛诮,/xiazai/11100.html,https://mmxzqxl1.com/common/yazhou/201806/Z6rszkW/Z6rszkW.rmvb,thunder://QUFodHRwczovL21teHpxeGwxLmNvbS9jb21tb24veWF6aG91LzIwMTgwNi9aNnJzemtXL1o2cnN6a1cucm12Ylpa
夫のH族中出未亡人,/xiazai/11099.html,https://mmxzqxl1.com/common/yazhou/201806/PwhBLpY/PwhBLpY.rmvb,thunder://QUFodHRwczovL21teHpxeGwxLmNvbS9jb21tb24veWF6aG91LzIwMTgwNi9Qd2hCTHBZL1B3aEJMcFkucm12Ylpa
每天10l瘸霾唤Y束的粘著老,/xiazai/11095.html,https://mmxzqxl1.com/common/yazhou/201806/8hZfUnl/8hZfUnl.rmvb,thunder://QUFodHRwczovL21teHpxeGwxLmNvbS9jb21tb24veWF6aG91LzIwMTgwNi84aFpmVW5sLzhoWmZVbmwucm12Ylpa
Oの映像27人,/xiazai/11092.html,https://mmxzqxl1.com/common/yazhou/201806/lLo4WRT/lLo4WRT.rmvb,thunder://QUFodHRwczovL21teHpxeGwxLmNvbS9jb21tb24veWF6aG91LzIwMTgwNi9sTG80V1JUL2xMbzRXUlQucm12Ylpa
本能淫j快S,/xiazai/11089.html,https://mmxzqxl1.com/common/yazhou/201806/fc2mA5p/fc2mA5p.rmvb,thunder://QUFodHRwczovL21teHpxeGwxLmNvbS9jb21tb24veWF6aG91LzIwMTgwNi9mYzJtQTVwL2ZjMm1BNXAucm12Ylpa
鹤〕趺郎诚,/xiazai/11088.html,https://mmxzqxl1.com/common/yazhou/201806/cytxVEE/cytxVEE.rmvb,thunder://QUFodHRwczovL21teHpxeGwxLmNvbS9jb21tb24veWF6aG91LzIwMTgwNi9jeXR4VkVFL2N5dHhWRUUucm12Ylpa
微醺性坶L谷川美久,/xiazai/11087.html,https://mmxzqxl1.com/common/yazhou/201806/H1TirlC/H1TirlC.rmvb,thunder://QUFodHRwczovL21teHpxeGwxLmNvbS9jb21tb24veWF6aG91LzIwMTgwNi9IMVRpcmxDL0gxVGlybEMucm12Ylpa
恼面瞄示奕楣霉玫纳眢w,/xiazai/11083.html,https://mmxzqxl1.com/common/yazhou/201806/jD62OkB/jD62OkB.rmvb,thunder://QUFodHRwczovL21teHpxeGwxLmNvbS9jb21tb24veWF6aG91LzIwMTgwNi9qRDYyT2tCL2pENjJPa0Iucm12Ylpa
彻底多折磨特别,/xiazai/11077.html,https://mmxzqxl1.com/common/yazhou/201806/S19Qq7q/S19Qq7q.rmvb,thunder://QUFodHRwczovL21teHpxeGwxLmNvbS9jb21tb24veWF6aG91LzIwMTgwNi9TMTlRcTdxL1MxOVFxN3Eucm12Ylpa
引退之前RK的×枞栌心芰ι纤,/xiazai/11076.html,https://mmxzqxl1.com/common/yazhou/201806/qqf4Kvk/qqf4Kvk.rmvb,thunder://QUFodHRwczovL21teHpxeGwxLmNvbS9jb21tb24veWF6aG91LzIwMTgwNi9xcWY0S3ZrL3FxZjRLdmsucm12Ylpa
性交天使,/xiazai/11073.html,https://mmxzqxl1.com/common/yazhou/201806/S2avuIm/S2avuIm.rmvb,thunder://QUFodHRwczovL21teHpxeGwxLmNvbS9jb21tb24veWF6aG91LzIwMTgwNi9TMmF2dUltL1MyYXZ1SW0ucm12Ylpa
因为在玩捉迷藏而进来我房间,/xiazai/11071.html,https://mmxzqxl1.com/common/yazhou/201806/adkZLfM/adkZLfM.rmvb,thunder://QUFodHRwczovL21teHpxeGwxLmNvbS9jb21tb24veWF6aG91LzIwMTgwNi9hZGtaTGZNL2Fka1pMZk0ucm12Ylpa
明日花,/xiazai/11069.html,https://mmxzqxl1.com/common/yazhou/201802/16/RNdh2AKD/RNdh2AKD.rmvb,thunder://QUFodHRwczovL21teHpxeGwxLmNvbS9jb21tb24veWF6aG91LzIwMTgwMi8xNi9STmRoMkFLRC9STmRoMkFLRC5ybXZiWlo=
回春旅^,/xiazai/11067.html,https://mmxzqxl1.com/common/yazhou/201802/15/A2BRKm46/A2BRKm46.rmvb,thunder://QUFodHRwczovL21teHpxeGwxLmNvbS9jb21tb24veWF6aG91LzIwMTgwMi8xNS9BMkJSS200Ni9BMkJSS200Ni5ybXZiWlo=
P者,/xiazai/11062.html,https://mmxzqxl1.com/common/yazhou/201802/15/NjYLTBpt/NjYLTBpt.rmvb,thunder://QUFodHRwczovL21teHpxeGwxLmNvbS9jb21tb24veWF6aG91LzIwMTgwMi8xNS9OallMVEJwdC9OallMVEJwdC5ybXZiWlo=
