碜栽地^的可鄣穆T,/xiazai/32962.html,"['https://mmxzqxl1.com/common/all/201901/tcqUgwWk/tcqUgwWk.rmvb', 'thunder://QUFodHRwczovL21teHpxeGwxLmNvbS9jb21tb24vYWxsLzIwMTkwMS90Y3FVZ3dXay90Y3FVZ3dXay5ybXZiWlo=']"
夫出差妻子带年轻帅哥回家3天反复做爱,/xiazai/32877.html,"['https://mmxzqxl1.com/common/all/201901/47MC3dgA/47MC3dgA.rmvb', 'thunder://QUFodHRwczovL21teHpxeGwxLmNvbS9jb21tb24vYWxsLzIwMTkwMS80N01DM2RnQS80N01DM2RnQS5ybXZiWlo=']"
和理性w走大姐姐值街谐,/xiazai/32749.html,"['https://mmxzqxl1.com/common/all/201901/FDLFmrmt/FDLFmrmt.rmvb', 'thunder://QUFodHRwczovL21teHpxeGwxLmNvbS9jb21tb24vYWxsLzIwMTkwMS9GRExGbXJtdC9GRExGbXJtdC5ybXZiWlo=']"
尚∪怏wK於人射M去啦,/xiazai/32611.html,"['https://mmxzqxl1.com/common/all/201901/Y4Sx4s7D/Y4Sx4s7D.rmvb', 'thunder://QUFodHRwczovL21teHpxeGwxLmNvbS9jb21tb24vYWxsLzIwMTkwMS9ZNFN4NHM3RC9ZNFN4NHM3RC5ybXZiWlo=']"
P於我能蛴梦业呐枷裎g刻的},/xiazai/32610.html,"['https://mmxzqxl1.com/common/all/201901/Hdqv6VVy/Hdqv6VVy.rmvb', 'thunder://QUFodHRwczovL21teHpxeGwxLmNvbS9jb21tb24vYWxsLzIwMTkwMS9IZHF2NlZWeS9IZHF2NlZWeS5ybXZiWlo=']"
橐正在被逮捕和性交的男人高d地狂,/xiazai/32509.html,"['https://mmxzqxl1.com/common/all/201901/7gsd45N4/7gsd45N4.rmvb', 'thunder://QUFodHRwczovL21teHpxeGwxLmNvbS9jb21tb24vYWxsLzIwMTkwMS83Z3NkNDVONC83Z3NkNDVONC5ybXZiWlo=']"
常性器Y合的男性美w沙,/xiazai/32508.html,"['https://mmxzqxl1.com/common/all/201901/eaQFy2Wc/eaQFy2Wc.rmvb', 'thunder://QUFodHRwczovL21teHpxeGwxLmNvbS9jb21tb24vYWxsLzIwMTkwMS9lYVFGeTJXYy9lYVFGeTJXYy5ybXZiWlo=']"
巨乳女大W生喝酒之後吸男人的肉棒,/xiazai/32390.html,"['https://mmxzqxl1.com/common/all/201901/e2DfpCYW/e2DfpCYW.rmvb', 'thunder://QUFodHRwczovL21teHpxeGwxLmNvbS9jb21tb24vYWxsLzIwMTkwMS9lMkRmcENZVy9lMkRmcENZVy5ybXZiWlo=']"
知道快伏c的大,/xiazai/32289.html,"['https://mmxzqxl1.com/common/all/201901/48aXKMbg/48aXKMbg.rmvb', 'thunder://QUFodHRwczovL21teHpxeGwxLmNvbS9jb21tb24vYWxsLzIwMTkwMS80OGFYS01iZy80OGFYS01iZy5ybXZiWlo=']"
恋人坂井羽,/xiazai/32174.html,"['https://mmxzqxl1.com/common/all/201901/t5b6LgMg/t5b6LgMg.rmvb', 'thunder://QUFodHRwczovL21teHpxeGwxLmNvbS9jb21tb24vYWxsLzIwMTkwMS90NWI2TGdNZy90NWI2TGdNZy5ybXZiWlo=']"
理想的姐姐,/xiazai/32067.html,"['https://mmxzqxl1.com/common/all/201901/knbF2B4E/knbF2B4E.rmvb', 'thunder://QUFodHRwczovL21teHpxeGwxLmNvbS9jb21tb24vYWxsLzIwMTkwMS9rbmJGMkI0RS9rbmJGMkI0RS5ybXZiWlo=']"
SM的大姐,/xiazai/31942.html,"['https://mmxzqxl1.com/common/all/201901/TN5jbeWb/TN5jbeWb.rmvb', 'thunder://QUFodHRwczovL21teHpxeGwxLmNvbS9jb21tb24vYWxsLzIwMTkwMS9UTjVqYmVXYi9UTjVqYmVXYi5ybXZiWlo=']"
c商章眯心康牡氐耐事保密的保密事物,/xiazai/31828.html,"['https://mmxzqxl1.com/common/all/201901/WyADBGDp/WyADBGDp.rmvb', 'thunder://QUFodHRwczovL21teHpxeGwxLmNvbS9jb21tb24vYWxsLzIwMTkwMS9XeUFEQkdEcC9XeUFEQkdEcC5ybXZiWlo=']"
大山雀身w1天H次,/xiazai/31689.html,"['https://mmxzqxl1.com/common/all/201812/UNCdPwC/UNCdPwC.rmvb', 'thunder://QUFodHRwczovL21teHpxeGwxLmNvbS9jb21tb24vYWxsLzIwMTgxMi9VTkNkUHdDL1VOQ2RQd0Mucm12Ylpa']"
男O禁後m逆中出拷,/xiazai/31560.html,"['https://mmxzqxl1.com/common/all/201812/mYSEgwL/mYSEgwL.rmvb', 'thunder://QUFodHRwczovL21teHpxeGwxLmNvbS9jb21tb24vYWxsLzIwMTgxMi9tWVNFZ3dML21ZU0Vnd0wucm12Ylpa']"
一ΨDе一ΨDTMM,/xiazai/31445.html,"['https://mmxzqxl1.com/common/all/201812/pGfQcPw/pGfQcPw.rmvb', 'thunder://QUFodHRwczovL21teHpxeGwxLmNvbS9jb21tb24vYWxsLzIwMTgxMi9wR2ZRY1B3L3BHZlFjUHcucm12Ylpa']"
你的早晨_始匆忙,/xiazai/31345.html,"['https://mmxzqxl1.com/common/all/201812/YtVxkGV/YtVxkGV.rmvb', 'thunder://QUFodHRwczovL21teHpxeGwxLmNvbS9jb21tb24vYWxsLzIwMTgxMi9ZdFZ4a0dWL1l0VnhrR1Yucm12Ylpa']"
T惑你,/xiazai/31214.html,"['https://mmxzqxl1.com/common/all/201812/RnqncqN/RnqncqN.rmvb', 'thunder://QUFodHRwczovL21teHpxeGwxLmNvbS9jb21tb24vYWxsLzIwMTgxMi9SbnFuY3FOL1JucW5jcU4ucm12Ylpa']"
首次亮相七L年o念租U,/xiazai/31144.html,"['https://mmxzqxl1.com/common/all/201812/EwRkkvV/EwRkkvV.rmvb', 'thunder://QUFodHRwczovL21teHpxeGwxLmNvbS9jb21tb24vYWxsLzIwMTgxMi9Fd1Jra3ZWL0V3UmtrdlYucm12Ylpa']"
自登鲆碜擂危最大的第一v,/xiazai/31036.html,"['https://mmxzqxl1.com/common/all/201812/eeAfJNp/eeAfJNp.rmvb', 'thunder://QUFodHRwczovL21teHpxeGwxLmNvbS9jb21tb24vYWxsLzIwMTgxMi9lZUFmSk5wL2VlQWZKTnAucm12Ylpa']"
