https://www.4455ur.com/shipin/46290.html,"可爱巨乳妹
",https://www.ssxzxl1.com/yazhou/2018_12/20/yazhou_XMUJbDaU_wm.mp4,thunder://QUFodHRwczovL3d3dy5zc3h6eGwxLmNvbS95YXpob3UvMjAxOF8xMi8yMC95YXpob3VfWE1VSmJEYVVfd20ubXA0Wlo=
https://www.4455ur.com/shipin/46289.html,"家政妇女
",https://www.ssxzxl1.com/yazhou/2018_12/20/yazhou_bwTLCbJc_wm.mp4,thunder://QUFodHRwczovL3d3dy5zc3h6eGwxLmNvbS95YXpob3UvMjAxOF8xMi8yMC95YXpob3VfYndUTENiSmNfd20ubXA0Wlo=
https://www.4455ur.com/shipin/46233.html,"先辈女子
",https://www.ssxzxl1.com/yazhou/2018_12/19/yazhou_cfHYJMDh_wm.mp4,thunder://QUFodHRwczovL3d3dy5zc3h6eGwxLmNvbS95YXpob3UvMjAxOF8xMi8xOS95YXpob3VfY2ZIWUpNRGhfd20ubXA0Wlo=
https://www.4455ur.com/shipin/46232.html,"UY1万射精
",https://www.ssxzxl1.com/yazhou/2018_12/19/yazhou_KAmTmepT_wm.mp4,thunder://QUFodHRwczovL3d3dy5zc3h6eGwxLmNvbS95YXpob3UvMjAxOF8xMi8xOS95YXpob3VfS0FtVG1lcFRfd20ubXA0Wlo=
https://www.4455ur.com/shipin/46172.html," 巨乳の妹
",https://www.ssxzxl1.com/yazhou/2018_12/18/yazhou_ubfNasPD_wm.mp4,thunder://QUFodHRwczovL3d3dy5zc3h6eGwxLmNvbS95YXpob3UvMjAxOF8xMi8xOC95YXpob3VfdWJmTmFzUERfd20ubXA0Wlo=
https://www.4455ur.com/shipin/46130.html,"再勃起
",https://www.ssxzxl1.com/yazhou/2018_12/17/yazhou_crQEAwAj_wm.mp4,thunder://QUFodHRwczovL3d3dy5zc3h6eGwxLmNvbS95YXpob3UvMjAxOF8xMi8xNy95YXpob3VfY3JRRUF3QWpfd20ubXA0Wlo=
https://www.4455ur.com/shipin/46060.html,"事故中出2
",https://www.ssxzxl1.com/yazhou/2018_12/17/yazhou_rexrvcdE_wm.mp4,thunder://QUFodHRwczovL3d3dy5zc3h6eGwxLmNvbS95YXpob3UvMjAxOF8xMi8xNy95YXpob3VfcmV4cnZjZEVfd20ubXA0Wlo=
https://www.4455ur.com/shipin/45996.html,"多种职业
",https://www.ssxzxl1.com/yazhou/2018_12/17/yazhou_FCXsjHJN_wm.mp4,thunder://QUFodHRwczovL3d3dy5zc3h6eGwxLmNvbS95YXpob3UvMjAxOF8xMi8xNy95YXpob3VfRkNYc2pISk5fd20ubXA0Wlo=
https://www.4455ur.com/shipin/45911.html,"本屋痴汉3
",https://www.ssxzxl1.com/yazhou/2018_12/17/yazhou_deVwDsmp_wm.mp4,thunder://QUFodHRwczovL3d3dy5zc3h6eGwxLmNvbS95YXpob3UvMjAxOF8xMi8xNy95YXpob3VfZGVWd0RzbXBfd20ubXA0Wlo=
https://www.4455ur.com/shipin/45849.html,"素人娘
",https://www.ssxzxl1.com/yazhou/2018_12/17/yazhou_UaJJJdgF_wm.mp4,thunder://QUFodHRwczovL3d3dy5zc3h6eGwxLmNvbS95YXpob3UvMjAxOF8xMi8xNy95YXpob3VfVWFKSkpkZ0Zfd20ubXA0Wlo=
https://www.4455ur.com/shipin/45795.html,"素人限定
",https://www.ssxzxl1.com/yazhou/2018_12/17/yazhou_FDqrXjDM_wm.mp4,thunder://QUFodHRwczovL3d3dy5zc3h6eGwxLmNvbS95YXpob3UvMjAxOF8xMi8xNy95YXpob3VfRkRxclhqRE1fd20ubXA0Wlo=
https://www.4455ur.com/shipin/45740.html,"受精
",https://www.ssxzxl1.com/yazhou/2018_12/18/yazhou_CRRttaWN_wm.mp4,thunder://QUFodHRwczovL3d3dy5zc3h6eGwxLmNvbS95YXpob3UvMjAxOF8xMi8xOC95YXpob3VfQ1JSdHRhV05fd20ubXA0Wlo=
https://www.4455ur.com/shipin/45684.html,"超敏感
",https://www.ssxzxl1.com/yazhou/2018_12/17/yazhou_AWuhnSbW_wm.mp4,thunder://QUFodHRwczovL3d3dy5zc3h6eGwxLmNvbS95YXpob3UvMjAxOF8xMi8xNy95YXpob3VfQVd1aG5TYldfd20ubXA0Wlo=
https://www.4455ur.com/shipin/45611.html,"骑\位2
",https://www.ssxzxl1.com/yazhou/2018_12/09/yazhou_xgsYEthA_wm.mp4,thunder://QUFodHRwczovL3d3dy5zc3h6eGwxLmNvbS95YXpob3UvMjAxOF8xMi8wOS95YXpob3VfeGdzWUV0aEFfd20ubXA0Wlo=
https://www.4455ur.com/shipin/45557.html,"~伦少年
",https://www.ssxzxl1.com/yazhou/2018_12/08/yazhou_gJbfAuNv_wm.mp4,thunder://QUFodHRwczovL3d3dy5zc3h6eGwxLmNvbS95YXpob3UvMjAxOF8xMi8wOC95YXpob3VfZ0piZkF1TnZfd20ubXA0Wlo=
https://www.4455ur.com/shipin/44267.html,"诱惑
",https://www.ssxzxl1.com/yazhou/2018_12/05/yazhou_aLCSWNtR_wm.mp4,thunder://QUFodHRwczovL3d3dy5zc3h6eGwxLmNvbS95YXpob3UvMjAxOF8xMi8wNS95YXpob3VfYUxDU1dOdFJfd20ubXA0Wlo=
https://www.4455ur.com/shipin/44152.html,"女友巨乳姐内射
",https://www.ssxzxl1.com/yazhou/2018_12/04/yazhou_cNwRNaew_wm.mp4,thunder://QUFodHRwczovL3d3dy5zc3h6eGwxLmNvbS95YXpob3UvMjAxOF8xMi8wNC95YXpob3VfY053Uk5hZXdfd20ubXA0Wlo=
https://www.4455ur.com/shipin/44137.html,"意R
",https://www.ssxzxl1.com/yazhou/2018_12/03/yazhou_hVjnJjAJ_wm.mp4,thunder://QUFodHRwczovL3d3dy5zc3h6eGwxLmNvbS95YXpob3UvMjAxOF8xMi8wMy95YXpob3VfaFZqbkpqQUpfd20ubXA0Wlo=
https://www.4455ur.com/shipin/44129.html,"~中出痴h
",https://www.ssxzxl1.com/yazhou/2018_12/02/yazhou_xsSXTEYe_wm.mp4,thunder://QUFodHRwczovL3d3dy5zc3h6eGwxLmNvbS95YXpob3UvMjAxOF8xMi8wMi95YXpob3VfeHNTWFRFWWVfd20ubXA0Wlo=
https://www.4455ur.com/shipin/44076.html,"客M不抽插也壬浒Vh
",https://www.ssxzxl1.com/yazhou/2018_12/01/yazhou_gpsbNhHc_wm.mp4,thunder://QUFodHRwczovL3d3dy5zc3h6eGwxLmNvbS95YXpob3UvMjAxOF8xMi8wMS95YXpob3VfZ3BzYk5oSGNfd20ubXA0Wlo=
https://www.4455ur.com/shipin/44001.html,"大学4年生
",https://www.ssxzxl1.com/yazhou/2018_11/30/yazhou_tPWPaRwV_wm.mp4,thunder://QUFodHRwczovL3d3dy5zc3h6eGwxLmNvbS95YXpob3UvMjAxOF8xMS8zMC95YXpob3VfdFBXUGFSd1Zfd20ubXA0Wlo=
https://www.4455ur.com/shipin/43963.html,"性厶觳
",https://www.ssxzxl1.com/yazhou/2018_11/29/yazhou_eAghgvNJ_wm.mp4,thunder://QUFodHRwczovL3d3dy5zc3h6eGwxLmNvbS95YXpob3UvMjAxOF8xMS8yOS95YXpob3VfZUFnaGd2Tkpfd20ubXA0Wlo=
https://www.4455ur.com/shipin/43911.html,"超乱交20本番
",https://www.ssxzxl1.com/yazhou/2018_11/29/yazhou_nHcpAubg_wm.mp4,thunder://QUFodHRwczovL3d3dy5zc3h6eGwxLmNvbS95YXpob3UvMjAxOF8xMS8yOS95YXpob3VfbkhjcEF1Ymdfd20ubXA0Wlo=
https://www.4455ur.com/shipin/43823.html,"巨乳天使
",https://www.ssxzxl1.com/yazhou/2018_11/27/yazhou_gJxnPPEg_wm.mp4,thunder://QUFodHRwczovL3d3dy5zc3h6eGwxLmNvbS95YXpob3UvMjAxOF8xMS8yNy95YXpob3VfZ0p4blBQRWdfd20ubXA0Wlo=
https://www.4455ur.com/shipin/43773.html,"中毒
",https://www.ssxzxl1.com/yazhou/2018_11/26/yazhou_xBKFbgaD_wm.mp4,thunder://QUFodHRwczovL3d3dy5zc3h6eGwxLmNvbS95YXpob3UvMjAxOF8xMS8yNi95YXpob3VfeEJLRmJnYURfd20ubXA0Wlo=
https://www.4455ur.com/shipin/43476.html,"身穿性感衣物爱爱
",https://www.ssxzxl1.com/yazhou/2018_11/20/yazhou_YZFR3KjpWSOL_wm.mp4,thunder://QUFodHRwczovL3d3dy5zc3h6eGwxLmNvbS95YXpob3UvMjAxOF8xMS8yMC95YXpob3VfWVpGUjNLanBXU09MX3dtLm1wNFpa
https://www.4455ur.com/shipin/43376.html,"请把这条瓤阋蚕戳
",https://www.ssxzxl1.com/yazhou/2018_11/19/yazhou_YZlkQrKSghuf_wm.mp4,thunder://QUFodHRwczovL3d3dy5zc3h6eGwxLmNvbS95YXpob3UvMjAxOF8xMS8xOS95YXpob3VfWVpsa1FyS1NnaHVmX3dtLm1wNFpa
https://www.4455ur.com/shipin/43311.html,"请尽情品尝传说中AV最美蜜桃臀吧
",https://www.ssxzxl1.com/yazhou/2018_11/16/yazhou_YZaHPL37dbil_wm.mp4,thunder://QUFodHRwczovL3d3dy5zc3h6eGwxLmNvbS95YXpob3UvMjAxOF8xMS8xNi95YXpob3VfWVphSFBMMzdkYmlsX3dtLm1wNFpa
https://www.4455ur.com/shipin/43237.html,"请你听听我被人绿的故事
",https://www.ssxzxl1.com/yazhou/2018_11/15/yazhou_YZUKCOD6mK1G_wm.mp4,thunder://QUFodHRwczovL3d3dy5zc3h6eGwxLmNvbS95YXpob3UvMjAxOF8xMS8xNS95YXpob3VfWVpVS0NPRDZtSzFHX3dtLm1wNFpa
https://www.4455ur.com/shipin/43184.html,"让巨乳美女暴露本性
",https://www.ssxzxl1.com/yazhou/2018_11/14/yazhou_YZP4uHaKiY7z_wm.mp4,thunder://QUFodHRwczovL3d3dy5zc3h6eGwxLmNvbS95YXpob3UvMjAxOF8xMS8xNC95YXpob3VfWVpQNHVIYUtpWTd6X3dtLm1wNFpa
https://www.4455ur.com/shipin/43128.html,"让巨乳女友正姊穿上喜欢服装服从於我
",https://www.ssxzxl1.com/yazhou/2018_11/13/yazhou_YZY7YZT8kgcN_wm.mp4,thunder://QUFodHRwczovL3d3dy5zc3h6eGwxLmNvbS95YXpob3UvMjAxOF8xMS8xMy95YXpob3VfWVpZN1laVDhrZ2NOX3dtLm1wNFpa
https://www.4455ur.com/shipin/43127.html,"让你射个不停的按摩
",https://www.ssxzxl1.com/yazhou/2018_11/13/yazhou_YZaQ3dSH9yU6_wm.mp4,thunder://QUFodHRwczovL3d3dy5zc3h6eGwxLmNvbS95YXpob3UvMjAxOF8xMS8xMy95YXpob3VfWVphUTNkU0g5eVU2X3dtLm1wNFpa
https://www.4455ur.com/shipin/43063.html,"让主人单次抽插就绝顶真空骑乘位
",https://www.ssxzxl1.com/yazhou/2018_11/12/yazhou_YZV0ZXvKHszG_wm.mp4,thunder://QUFodHRwczovL3d3dy5zc3h6eGwxLmNvbS95YXpob3UvMjAxOF8xMS8xMi95YXpob3VfWVpWMFpYdktIc3pHX3dtLm1wNFpa
https://www.4455ur.com/shipin/42977.html,"色漆的旅馆老板娘诱惑了我
",https://www.ssxzxl1.com/yazhou/2018_11/10/yazhou_YZS5unmCq0y2_wm.mp4,thunder://QUFodHRwczovL3d3dy5zc3h6eGwxLmNvbS95YXpob3UvMjAxOF8xMS8xMC95YXpob3VfWVpTNXVubUNxMHkyX3dtLm1wNFpa
https://www.4455ur.com/shipin/42887.html,"神山家的妻子
",https://www.ssxzxl1.com/yazhou/2018_11/10/yazhou_YZDhqBExgSIg_wm.mp4,thunder://QUFodHRwczovL3d3dy5zc3h6eGwxLmNvbS95YXpob3UvMjAxOF8xMS8xMC95YXpob3VfWVpEaHFCRXhnU0lnX3dtLm1wNFpa
https://www.4455ur.com/shipin/36093.html,"妻子被e人睡走
",https://www.ssxzxl1.com/sise/yazhou/2018_11/08/yazhou_YZmu4RSU8PVc_wm.mp4,thunder://QUFodHRwczovL3d3dy5zc3h6eGwxLmNvbS9zaXNlL3lhemhvdS8yMDE4XzExLzA4L3lhemhvdV9ZWm11NFJTVThQVmNfd20ubXA0Wlo=
https://www.4455ur.com/shipin/36092.html,"奴隶大小姐的屈辱调教 绑架侵犯监禁地狱相泽南
",https://www.ssxzxl1.com/sise/yazhou/2018_11/08/yazhou_YZV0HFBIGpdx_wm.mp4,thunder://QUFodHRwczovL3d3dy5zc3h6eGwxLmNvbS9zaXNlL3lhemhvdS8yMDE4XzExLzA4L3lhemhvdV9ZWlYwSEZCSUdwZHhfd20ubXA0Wlo=
https://www.4455ur.com/shipin/46298.html,"最爱の夫
",https://www.ssxzxl1.com/biantai/2018_12/20/biantai_YCtccgvx_wm.mp4,thunder://QUFodHRwczovL3d3dy5zc3h6eGwxLmNvbS9iaWFudGFpLzIwMThfMTIvMjAvYmlhbnRhaV9ZQ3RjY2d2eF93bS5tcDRaWg==
https://www.4455ur.com/shipin/46297.html,"亲族相
",https://www.ssxzxl1.com/biantai/2018_12/20/biantai_YtWXMBxp_wm.mp4,thunder://QUFodHRwczovL3d3dy5zc3h6eGwxLmNvbS9iaWFudGFpLzIwMThfMTIvMjAvYmlhbnRhaV9ZdFdYTUJ4cF93bS5tcDRaWg==
https://www.4455ur.com/shipin/46225.html,"清楚美人女子
",https://www.ssxzxl1.com/biantai/2018_12/19/biantai_bVncfffs_wm.mp4,thunder://QUFodHRwczovL3d3dy5zc3h6eGwxLmNvbS9iaWFudGFpLzIwMThfMTIvMTkvYmlhbnRhaV9iVm5jZmZmc193bS5tcDRaWg==
https://www.4455ur.com/shipin/46224.html,"新婚旅行
",https://www.ssxzxl1.com/biantai/2018_12/19/biantai_axnxmmqP_wm.mp4,thunder://QUFodHRwczovL3d3dy5zc3h6eGwxLmNvbS9iaWFudGFpLzIwMThfMTIvMTkvYmlhbnRhaV9heG54bW1xUF93bS5tcDRaWg==
https://www.4455ur.com/shipin/46176.html,"解禁
",https://www.ssxzxl1.com/biantai/2018_12/18/biantai_dhXjReSV_wm.mp4,thunder://QUFodHRwczovL3d3dy5zc3h6eGwxLmNvbS9iaWFudGFpLzIwMThfMTIvMTgvYmlhbnRhaV9kaFhqUmVTVl93bS5tcDRaWg==
https://www.4455ur.com/shipin/46134.html,"文学系の巨乳2
",https://www.ssxzxl1.com/biantai/2018_12/17/biantai_bPrbjndK_wm.mp4,thunder://QUFodHRwczovL3d3dy5zc3h6eGwxLmNvbS9iaWFudGFpLzIwMThfMTIvMTcvYmlhbnRhaV9iUHJiam5kS193bS5tcDRaWg==
https://www.4455ur.com/shipin/46065.html,"开发乳腺性诊所
",https://www.ssxzxl1.com/biantai/2018_12/18/biantai_RXBgTTbJ_wm.mp4,thunder://QUFodHRwczovL3d3dy5zc3h6eGwxLmNvbS9iaWFudGFpLzIwMThfMTIvMTgvYmlhbnRhaV9SWEJnVFRiSl93bS5tcDRaWg==
https://www.4455ur.com/shipin/45992.html,"体育馆近
",https://www.ssxzxl1.com/biantai/2018_12/02/biantai_qwFMLjGL_wm.mp4,thunder://QUFodHRwczovL3d3dy5zc3h6eGwxLmNvbS9iaWFudGFpLzIwMThfMTIvMDIvYmlhbnRhaV9xd0ZNTGpHTF93bS5tcDRaWg==
https://www.4455ur.com/shipin/45915.html,"新宿k徒i5分
",https://www.ssxzxl1.com/biantai/2018_12/02/biantai_sgMxGwwB_wm.mp4,thunder://QUFodHRwczovL3d3dy5zc3h6eGwxLmNvbS9iaWFudGFpLzIwMThfMTIvMDIvYmlhbnRhaV9zZ014R3d3Ql93bS5tcDRaWg==
https://www.4455ur.com/shipin/45845.html,"近亲相
",https://www.ssxzxl1.com/biantai/2018_12/18/biantai_EaqmgRkG_wm.mp4,thunder://QUFodHRwczovL3d3dy5zc3h6eGwxLmNvbS9iaWFudGFpLzIwMThfMTIvMTgvYmlhbnRhaV9FYXFtZ1JrR193bS5tcDRaWg==
https://www.4455ur.com/shipin/45791.html,"事故中出
",https://www.ssxzxl1.com/biantai/2018_12/02/biantai_ugXmHfeq_wm.mp4,thunder://QUFodHRwczovL3d3dy5zc3h6eGwxLmNvbS9iaWFudGFpLzIwMThfMTIvMDIvYmlhbnRhaV91Z1htSGZlcV93bS5tcDRaWg==
https://www.4455ur.com/shipin/45736.html,"相部屋
",https://www.ssxzxl1.com/biantai/2018_12/02/biantai_RCxFtfYF_wm.mp4,thunder://QUFodHRwczovL3d3dy5zc3h6eGwxLmNvbS9iaWFudGFpLzIwMThfMTIvMDIvYmlhbnRhaV9SQ3hGdGZZRl93bS5tcDRaWg==
https://www.4455ur.com/shipin/45688.html,"超大好
",https://www.ssxzxl1.com/biantai/2018_12/16/biantai_gVmTpPpK_wm.mp4,thunder://QUFodHRwczovL3d3dy5zc3h6eGwxLmNvbS9iaWFudGFpLzIwMThfMTIvMTYvYmlhbnRhaV9nVm1UcFBwS193bS5tcDRaWg==
https://www.4455ur.com/shipin/45613.html,"小便洗
",https://www.ssxzxl1.com/biantai/2018_12/16/biantai_vVRSMtUC_wm.mp4,thunder://QUFodHRwczovL3d3dy5zc3h6eGwxLmNvbS9iaWFudGFpLzIwMThfMTIvMTYvYmlhbnRhaV92VlJTTXRVQ193bS5tcDRaWg==
https://www.4455ur.com/shipin/45558.html,"~本番
",https://www.ssxzxl1.com/biantai/2018_12/16/biantai_mxxwfCSg_wm.mp4,thunder://QUFodHRwczovL3d3dy5zc3h6eGwxLmNvbS9iaWFudGFpLzIwMThfMTIvMTYvYmlhbnRhaV9teHh3ZkNTZ193bS5tcDRaWg==
https://www.4455ur.com/shipin/45452.html,"诱惑女子
",https://www.ssxzxl1.com/biantai/2018_12/03/biantai_KYVAkTBE_wm.mp4,thunder://QUFodHRwczovL3d3dy5zc3h6eGwxLmNvbS9iaWFudGFpLzIwMThfMTIvMDMvYmlhbnRhaV9LWVZBa1RCRV93bS5tcDRaWg==
https://www.4455ur.com/shipin/45416.html,"期待感
",https://www.ssxzxl1.com/biantai/2018_12/03/biantai_uhDcSQVX_wm.mp4,thunder://QUFodHRwczovL3d3dy5zc3h6eGwxLmNvbS9iaWFudGFpLzIwMThfMTIvMDMvYmlhbnRhaV91aERjU1FWWF93bS5tcDRaWg==
https://www.4455ur.com/shipin/44264.html,"骑\位
",https://www.ssxzxl1.com/biantai/2018_12/04/biantai_ENeVFhdM_wm.mp4,thunder://QUFodHRwczovL3d3dy5zc3h6eGwxLmNvbS9iaWFudGFpLzIwMThfMTIvMDQvYmlhbnRhaV9FTmVWRmhkTV93bS5tcDRaWg==
https://www.4455ur.com/shipin/44151.html,"~学校行
",https://www.ssxzxl1.com/biantai/2018_12/02/biantai_NVDEYSgh_wm.mp4,thunder://QUFodHRwczovL3d3dy5zc3h6eGwxLmNvbS9iaWFudGFpLzIwMThfMTIvMDIvYmlhbnRhaV9OVkRFWVNnaF93bS5tcDRaWg==
https://www.4455ur.com/shipin/44138.html,"H到痉挛
",https://www.ssxzxl1.com/biantai/2018_12/03/biantai_LYTDFYqe_wm.mp4,thunder://QUFodHRwczovL3d3dy5zc3h6eGwxLmNvbS9iaWFudGFpLzIwMThfMTIvMDMvYmlhbnRhaV9MWVRERllxZV93bS5tcDRaWg==
https://www.4455ur.com/shipin/44132.html,"真面目家政妇
",https://www.ssxzxl1.com/biantai/2018_12/02/biantai_KABAxdvg_wm.mp4,thunder://QUFodHRwczovL3d3dy5zc3h6eGwxLmNvbS9iaWFudGFpLzIwMThfMTIvMDIvYmlhbnRhaV9LQUJBeGR2Z193bS5tcDRaWg==
https://www.4455ur.com/shipin/44078.html,"赏金100万
",https://www.ssxzxl1.com/biantai/2018_12/01/biantai_XSAucrXc_wm.mp4,thunder://QUFodHRwczovL3d3dy5zc3h6eGwxLmNvbS9iaWFudGFpLzIwMThfMTIvMDEvYmlhbnRhaV9YU0F1Y3JYY193bS5tcDRaWg==
https://www.4455ur.com/shipin/44005.html,"女教师の顾问
",https://www.ssxzxl1.com/biantai/2018_11/30/biantai_eYdfcmrs_wm.mp4,thunder://QUFodHRwczovL3d3dy5zc3h6eGwxLmNvbS9iaWFudGFpLzIwMThfMTEvMzAvYmlhbnRhaV9lWWRmY21yc193bS5tcDRaWg==
https://www.4455ur.com/shipin/43962.html,"从第一次被公公侵犯的那天起
",https://www.ssxzxl1.com/biantai/2018_11/29/biantai_EjVEJuWj_wm.mp4,thunder://QUFodHRwczovL3d3dy5zc3h6eGwxLmNvbS9iaWFudGFpLzIwMThfMTEvMjkvYmlhbnRhaV9FalZFSnVXal93bS5tcDRaWg==
https://www.4455ur.com/shipin/43913.html,"巨乳肉感娘
",https://www.ssxzxl1.com/biantai/2018_11/29/biantai_mqUvGgEk_wm.mp4,thunder://QUFodHRwczovL3d3dy5zc3h6eGwxLmNvbS9iaWFudGFpLzIwMThfMTEvMjkvYmlhbnRhaV9tcVV2R2dFa193bS5tcDRaWg==
https://www.4455ur.com/shipin/43827.html,"文学系の巨乳
",https://www.ssxzxl1.com/biantai/2018_11/27/biantai_eHubhFkE_wm.mp4,thunder://QUFodHRwczovL3d3dy5zc3h6eGwxLmNvbS9iaWFudGFpLzIwMThfMTEvMjcvYmlhbnRhaV9lSHViaEZrRV93bS5tcDRaWg==
https://www.4455ur.com/shipin/43774.html,"小魔
",https://www.ssxzxl1.com/biantai/2018_11/26/biantai_HMbveVgd_wm.mp4,thunder://QUFodHRwczovL3d3dy5zc3h6eGwxLmNvbS9iaWFudGFpLzIwMThfMTEvMjYvYmlhbnRhaV9ITWJ2ZVZnZF93bS5tcDRaWg==
https://www.4455ur.com/shipin/43479.html,"迷人的身体
",https://www.ssxzxl1.com/biantai/2018_11/20/biantai_BTLnGPGjOdXi_wm.mp4,thunder://QUFodHRwczovL3d3dy5zc3h6eGwxLmNvbS9iaWFudGFpLzIwMThfMTEvMjAvYmlhbnRhaV9CVExuR1BHak9kWGlfd20ubXA0Wlo=
https://www.4455ur.com/shipin/43380.html,"赤井美月
",https://www.ssxzxl1.com/biantai/2018_11/19/biantai_BTnSAmm0fMJM_wm.mp4,thunder://QUFodHRwczovL3d3dy5zc3h6eGwxLmNvbS9iaWFudGFpLzIwMThfMTEvMTkvYmlhbnRhaV9CVG5TQW1tMGZNSk1fd20ubXA0Wlo=
https://www.4455ur.com/shipin/43315.html,"赌博和公鸡
",https://www.ssxzxl1.com/biantai/2018_11/16/biantai_BTp3HdO2wCzU_wm.mp4,thunder://QUFodHRwczovL3d3dy5zc3h6eGwxLmNvbS9iaWFudGFpLzIwMThfMTEvMTYvYmlhbnRhaV9CVHAzSGRPMndDelVfd20ubXA0Wlo=
https://www.4455ur.com/shipin/43233.html,"{原瑞sex
",https://www.ssxzxl1.com/biantai/2018_11/15/biantai_BTXaD0EsnWwb_wm.mp4,thunder://QUFodHRwczovL3d3dy5zc3h6eGwxLmNvbS9iaWFudGFpLzIwMThfMTEvMTUvYmlhbnRhaV9CVFhhRDBFc25Xd2Jfd20ubXA0Wlo=
https://www.4455ur.com/shipin/43180.html,"臭臭的家庭主妇
",https://www.ssxzxl1.com/biantai/2018_11/14/biantai_BTQSN3owqgcD_wm.mp4,thunder://QUFodHRwczovL3d3dy5zc3h6eGwxLmNvbS9iaWFudGFpLzIwMThfMTEvMTQvYmlhbnRhaV9CVFFTTjNvd3FnY0Rfd20ubXA0Wlo=
https://www.4455ur.com/shipin/43132.html,"肛门摆弄
",https://www.ssxzxl1.com/biantai/2018_11/13/biantai_BTLbToz3xuWS_wm.mp4,thunder://QUFodHRwczovL3d3dy5zc3h6eGwxLmNvbS9iaWFudGFpLzIwMThfMTEvMTMvYmlhbnRhaV9CVExiVG96M3h1V1Nfd20ubXA0Wlo=
https://www.4455ur.com/shipin/43069.html,"肛门大钩
",https://www.ssxzxl1.com/biantai/2018_11/12/biantai_BTfmTBC14sSe_wm.mp4,thunder://QUFodHRwczovL3d3dy5zc3h6eGwxLmNvbS9iaWFudGFpLzIwMThfMTEvMTIvYmlhbnRhaV9CVGZtVEJDMTRzU2Vfd20ubXA0Wlo=
https://www.4455ur.com/shipin/43068.html,"美女演员
",https://www.ssxzxl1.com/biantai/2018_11/12/biantai_BTx90sYfVxl3_wm.mp4,thunder://QUFodHRwczovL3d3dy5zc3h6eGwxLmNvbS9iaWFudGFpLzIwMThfMTEvMTIvYmlhbnRhaV9CVHg5MHNZZlZ4bDNfd20ubXA0Wlo=
https://www.4455ur.com/shipin/42973.html,"美丽的夏目
",https://www.ssxzxl1.com/biantai/2018_11/10/biantai_BThJ0ZRkDkLk_wm.mp4,thunder://QUFodHRwczovL3d3dy5zc3h6eGwxLmNvbS9iaWFudGFpLzIwMThfMTEvMTAvYmlhbnRhaV9CVGhKMFpSa0RrTGtfd20ubXA0Wlo=
https://www.4455ur.com/shipin/42893.html,"活塞假阳具自慰
",https://www.ssxzxl1.com/biantai/2018_11/10/biantai_BTdX2b5K4XNh_wm.mp4,thunder://QUFodHRwczovL3d3dy5zc3h6eGwxLmNvbS9iaWFudGFpLzIwMThfMTEvMTAvYmlhbnRhaV9CVGRYMmI1SzRYTmhfd20ubXA0Wlo=
https://www.4455ur.com/shipin/42892.html,"O射一本道
",https://www.ssxzxl1.com/biantai/2018_11/10/biantai_BTDfu1Y7aXc1_wm.mp4,thunder://QUFodHRwczovL3d3dy5zc3h6eGwxLmNvbS9iaWFudGFpLzIwMThfMTEvMTAvYmlhbnRhaV9CVERmdTFZN2FYYzFfd20ubXA0Wlo=
https://www.4455ur.com/shipin/36101.html,"感度良好な微乳
",https://www.ssxzxl1.com/sise/biantai/2018_11/08/biantai_BTCE8xhPQl9D_wm.mp4,thunder://QUFodHRwczovL3d3dy5zc3h6eGwxLmNvbS9zaXNlL2JpYW50YWkvMjAxOF8xMS8wOC9iaWFudGFpX0JUQ0U4eGhQUWw5RF93bS5tcDRaWg==
https://www.4455ur.com/shipin/36100.html,"妈妈人妻
",https://www.ssxzxl1.com/sise/biantai/2018_11/08/biantai_BTWyDNr80I7v_wm.mp4,thunder://QUFodHRwczovL3d3dy5zc3h6eGwxLmNvbS9zaXNlL2JpYW50YWkvMjAxOF8xMS8wOC9iaWFudGFpX0JUV3lETnI4MEk3dl93bS5tcDRaWg==
https://www.4455ur.com/shipin/46294.html,"企画 女子
",https://www.ssxzxl1.com/luanlun/2018_12/20/luanlun_vxXDmJDM_wm.mp4,thunder://QUFodHRwczovL3d3dy5zc3h6eGwxLmNvbS9sdWFubHVuLzIwMThfMTIvMjAvbHVhbmx1bl92eFhEbUpETV93bS5tcDRaWg==
https://www.4455ur.com/shipin/46293.html,"一般男女
",https://www.ssxzxl1.com/luanlun/2018_12/20/luanlun_Thmjtgnk_wm.mp4,thunder://QUFodHRwczovL3d3dy5zc3h6eGwxLmNvbS9sdWFubHVuLzIwMThfMTIvMjAvbHVhbmx1bl9UaG1qdGdua193bS5tcDRaWg==
